Date,Year,Month Number,Fiscal Year,Fiscal Month,Day,Day Name,Month Name,Quarter Number,Fiscal Quarter,FQuarter Name,Week No,Sort FWeek no,Fiscal Year-Quarter,Year-Month,Year Week,Sort FMonthYear,Sort FQuarterYear,SortYearWeek
12/18/2022,2022,12,2023,6,18,Sun,Dec,4,2,Q2,51,25,2023Q02,2022-Dec,2022-51,202306,202204,202225
12/19/2022,2022,12,2023,6,19,Mon,Dec,4,2,Q2,52,26,2023Q02,2022-Dec,2022-52,202306,202204,202226
12/20/2022,2022,12,2023,6,20,Tue,Dec,4,2,Q2,52,26,2023Q02,2022-Dec,2022-52,202306,202204,202226
12/21/2022,2022,12,2023,6,21,Wed,Dec,4,2,Q2,52,26,2023Q02,2022-Dec,2022-52,202306,202204,202226
12/22/2022,2022,12,2023,6,22,Thu,Dec,4,2,Q2,52,26,2023Q02,2022-Dec,2022-52,202306,202204,202226
12/23/2022,2022,12,2023,6,23,Fri,Dec,4,2,Q2,52,26,2023Q02,2022-Dec,2022-52,202306,202204,202226
12/24/2022,2022,12,2023,6,24,Sat,Dec,4,2,Q2,52,26,2023Q02,2022-Dec,2022-52,202306,202204,202226
12/25/2022,2022,12,2023,6,25,Sun,Dec,4,2,Q2,52,26,2023Q02,2022-Dec,2022-52,202306,202204,202226
12/26/2022,2022,12,2023,6,26,Mon,Dec,4,2,Q2,53,27,2023Q02,2022-Dec,2022-53,202306,202204,202227
12/27/2022,2022,12,2023,6,27,Tue,Dec,4,2,Q2,53,27,2023Q02,2022-Dec,2022-53,202306,202204,202227
12/28/2022,2022,12,2023,6,28,Wed,Dec,4,2,Q2,53,27,2023Q02,2022-Dec,2022-53,202306,202204,202227
12/29/2022,2022,12,2023,6,29,Thu,Dec,4,2,Q2,53,27,2023Q02,2022-Dec,2022-53,202306,202204,202227
12/30/2022,2022,12,2023,6,30,Fri,Dec,4,2,Q2,53,27,2023Q02,2022-Dec,2022-53,202306,202204,202227
12/31/2022,2022,12,2023,6,31,Sat,Dec,4,2,Q2,53,27,2023Q02,2022-Dec,2022-53,202306,202204,202227
1/1/2023,2023,1,2023,7,1,Sun,Jan,1,3,Q3,1,27,2023Q03,2023-Jan,2023-01,202307,202301,202327
1/2/2023,2023,1,2023,7,2,Mon,Jan,1,3,Q3,2,28,2023Q03,2023-Jan,2023-02,202307,202301,202328
1/3/2023,2023,1,2023,7,3,Tue,Jan,1,3,Q3,2,28,2023Q03,2023-Jan,2023-02,202307,202301,202328
1/4/2023,2023,1,2023,7,4,Wed,Jan,1,3,Q3,2,28,2023Q03,2023-Jan,2023-02,202307,202301,202328
1/5/2023,2023,1,2023,7,5,Thu,Jan,1,3,Q3,2,28,2023Q03,2023-Jan,2023-02,202307,202301,202328
1/6/2023,2023,1,2023,7,6,Fri,Jan,1,3,Q3,2,28,2023Q03,2023-Jan,2023-02,202307,202301,202328
1/7/2023,2023,1,2023,7,7,Sat,Jan,1,3,Q3,2,28,2023Q03,2023-Jan,2023-02,202307,202301,202328
1/8/2023,2023,1,2023,7,8,Sun,Jan,1,3,Q3,2,28,2023Q03,2023-Jan,2023-02,202307,202301,202328
1/9/2023,2023,1,2023,7,9,Mon,Jan,1,3,Q3,3,29,2023Q03,2023-Jan,2023-03,202307,202301,202329
1/10/2023,2023,1,2023,7,10,Tue,Jan,1,3,Q3,3,29,2023Q03,2023-Jan,2023-03,202307,202301,202329
1/11/2023,2023,1,2023,7,11,Wed,Jan,1,3,Q3,3,29,2023Q03,2023-Jan,2023-03,202307,202301,202329
1/12/2023,2023,1,2023,7,12,Thu,Jan,1,3,Q3,3,29,2023Q03,2023-Jan,2023-03,202307,202301,202329
1/13/2023,2023,1,2023,7,13,Fri,Jan,1,3,Q3,3,29,2023Q03,2023-Jan,2023-03,202307,202301,202329
1/14/2023,2023,1,2023,7,14,Sat,Jan,1,3,Q3,3,29,2023Q03,2023-Jan,2023-03,202307,202301,202329
1/15/2023,2023,1,2023,7,15,Sun,Jan,1,3,Q3,3,29,2023Q03,2023-Jan,2023-03,202307,202301,202329
1/16/2023,2023,1,2023,7,16,Mon,Jan,1,3,Q3,4,30,2023Q03,2023-Jan,2023-04,202307,202301,202330
1/17/2023,2023,1,2023,7,17,Tue,Jan,1,3,Q3,4,30,2023Q03,2023-Jan,2023-04,202307,202301,202330
1/18/2023,2023,1,2023,7,18,Wed,Jan,1,3,Q3,4,30,2023Q03,2023-Jan,2023-04,202307,202301,202330
1/19/2023,2023,1,2023,7,19,Thu,Jan,1,3,Q3,4,30,2023Q03,2023-Jan,2023-04,202307,202301,202330
1/20/2023,2023,1,2023,7,20,Fri,Jan,1,3,Q3,4,30,2023Q03,2023-Jan,2023-04,202307,202301,202330
1/21/2023,2023,1,2023,7,21,Sat,Jan,1,3,Q3,4,30,2023Q03,2023-Jan,2023-04,202307,202301,202330
1/22/2023,2023,1,2023,7,22,Sun,Jan,1,3,Q3,4,30,2023Q03,2023-Jan,2023-04,202307,202301,202330
1/23/2023,2023,1,2023,7,23,Mon,Jan,1,3,Q3,5,31,2023Q03,2023-Jan,2023-05,202307,202301,202331
1/24/2023,2023,1,2023,7,24,Tue,Jan,1,3,Q3,5,31,2023Q03,2023-Jan,2023-05,202307,202301,202331
1/25/2023,2023,1,2023,7,25,Wed,Jan,1,3,Q3,5,31,2023Q03,2023-Jan,2023-05,202307,202301,202331
1/26/2023,2023,1,2023,7,26,Thu,Jan,1,3,Q3,5,31,2023Q03,2023-Jan,2023-05,202307,202301,202331
1/27/2023,2023,1,2023,7,27,Fri,Jan,1,3,Q3,5,31,2023Q03,2023-Jan,2023-05,202307,202301,202331
1/28/2023,2023,1,2023,7,28,Sat,Jan,1,3,Q3,5,31,2023Q03,2023-Jan,2023-05,202307,202301,202331
1/29/2023,2023,1,2023,7,29,Sun,Jan,1,3,Q3,5,31,2023Q03,2023-Jan,2023-05,202307,202301,202331
1/30/2023,2023,1,2023,7,30,Mon,Jan,1,3,Q3,6,32,2023Q03,2023-Jan,2023-06,202307,202301,202332
1/31/2023,2023,1,2023,7,31,Tue,Jan,1,3,Q3,6,32,2023Q03,2023-Jan,2023-06,202307,202301,202332
2/1/2023,2023,2,2023,8,1,Wed,Feb,1,3,Q3,6,32,2023Q03,2023-Feb,2023-06,202308,202301,202332
2/2/2023,2023,2,2023,8,2,Thu,Feb,1,3,Q3,6,32,2023Q03,2023-Feb,2023-06,202308,202301,202332
2/3/2023,2023,2,2023,8,3,Fri,Feb,1,3,Q3,6,32,2023Q03,2023-Feb,2023-06,202308,202301,202332
2/4/2023,2023,2,2023,8,4,Sat,Feb,1,3,Q3,6,32,2023Q03,2023-Feb,2023-06,202308,202301,202332
2/5/2023,2023,2,2023,8,5,Sun,Feb,1,3,Q3,6,32,2023Q03,2023-Feb,2023-06,202308,202301,202332
2/6/2023,2023,2,2023,8,6,Mon,Feb,1,3,Q3,7,33,2023Q03,2023-Feb,2023-07,202308,202301,202333
2/7/2023,2023,2,2023,8,7,Tue,Feb,1,3,Q3,7,33,2023Q03,2023-Feb,2023-07,202308,202301,202333
2/8/2023,2023,2,2023,8,8,Wed,Feb,1,3,Q3,7,33,2023Q03,2023-Feb,2023-07,202308,202301,202333
2/9/2023,2023,2,2023,8,9,Thu,Feb,1,3,Q3,7,33,2023Q03,2023-Feb,2023-07,202308,202301,202333
2/10/2023,2023,2,2023,8,10,Fri,Feb,1,3,Q3,7,33,2023Q03,2023-Feb,2023-07,202308,202301,202333
2/11/2023,2023,2,2023,8,11,Sat,Feb,1,3,Q3,7,33,2023Q03,2023-Feb,2023-07,202308,202301,202333
2/12/2023,2023,2,2023,8,12,Sun,Feb,1,3,Q3,7,33,2023Q03,2023-Feb,2023-07,202308,202301,202333
2/13/2023,2023,2,2023,8,13,Mon,Feb,1,3,Q3,8,34,2023Q03,2023-Feb,2023-08,202308,202301,202334
2/14/2023,2023,2,2023,8,14,Tue,Feb,1,3,Q3,8,34,2023Q03,2023-Feb,2023-08,202308,202301,202334
2/15/2023,2023,2,2023,8,15,Wed,Feb,1,3,Q3,8,34,2023Q03,2023-Feb,2023-08,202308,202301,202334
2/16/2023,2023,2,2023,8,16,Thu,Feb,1,3,Q3,8,34,2023Q03,2023-Feb,2023-08,202308,202301,202334
2/17/2023,2023,2,2023,8,17,Fri,Feb,1,3,Q3,8,34,2023Q03,2023-Feb,2023-08,202308,202301,202334
2/18/2023,2023,2,2023,8,18,Sat,Feb,1,3,Q3,8,34,2023Q03,2023-Feb,2023-08,202308,202301,202334
2/19/2023,2023,2,2023,8,19,Sun,Feb,1,3,Q3,8,34,2023Q03,2023-Feb,2023-08,202308,202301,202334
2/20/2023,2023,2,2023,8,20,Mon,Feb,1,3,Q3,9,35,2023Q03,2023-Feb,2023-09,202308,202301,202335
2/21/2023,2023,2,2023,8,21,Tue,Feb,1,3,Q3,9,35,2023Q03,2023-Feb,2023-09,202308,202301,202335
2/22/2023,2023,2,2023,8,22,Wed,Feb,1,3,Q3,9,35,2023Q03,2023-Feb,2023-09,202308,202301,202335
2/23/2023,2023,2,2023,8,23,Thu,Feb,1,3,Q3,9,35,2023Q03,2023-Feb,2023-09,202308,202301,202335
2/24/2023,2023,2,2023,8,24,Fri,Feb,1,3,Q3,9,35,2023Q03,2023-Feb,2023-09,202308,202301,202335
2/25/2023,2023,2,2023,8,25,Sat,Feb,1,3,Q3,9,35,2023Q03,2023-Feb,2023-09,202308,202301,202335
2/26/2023,2023,2,2023,8,26,Sun,Feb,1,3,Q3,9,35,2023Q03,2023-Feb,2023-09,202308,202301,202335
2/27/2023,2023,2,2023,8,27,Mon,Feb,1,3,Q3,10,36,2023Q03,2023-Feb,2023-10,202308,202301,202336
2/28/2023,2023,2,2023,8,28,Tue,Feb,1,3,Q3,10,36,2023Q03,2023-Feb,2023-10,202308,202301,202336
3/1/2023,2023,3,2023,9,1,Wed,Mar,1,3,Q3,10,36,2023Q03,2023-Mar,2023-10,202309,202301,202336
3/2/2023,2023,3,2023,9,2,Thu,Mar,1,3,Q3,10,36,2023Q03,2023-Mar,2023-10,202309,202301,202336
3/3/2023,2023,3,2023,9,3,Fri,Mar,1,3,Q3,10,36,2023Q03,2023-Mar,2023-10,202309,202301,202336
3/4/2023,2023,3,2023,9,4,Sat,Mar,1,3,Q3,10,36,2023Q03,2023-Mar,2023-10,202309,202301,202336
3/5/2023,2023,3,2023,9,5,Sun,Mar,1,3,Q3,10,36,2023Q03,2023-Mar,2023-10,202309,202301,202336
3/6/2023,2023,3,2023,9,6,Mon,Mar,1,3,Q3,11,37,2023Q03,2023-Mar,2023-11,202309,202301,202337
3/7/2023,2023,3,2023,9,7,Tue,Mar,1,3,Q3,11,37,2023Q03,2023-Mar,2023-11,202309,202301,202337
3/8/2023,2023,3,2023,9,8,Wed,Mar,1,3,Q3,11,37,2023Q03,2023-Mar,2023-11,202309,202301,202337
3/9/2023,2023,3,2023,9,9,Thu,Mar,1,3,Q3,11,37,2023Q03,2023-Mar,2023-11,202309,202301,202337
3/10/2023,2023,3,2023,9,10,Fri,Mar,1,3,Q3,11,37,2023Q03,2023-Mar,2023-11,202309,202301,202337
3/11/2023,2023,3,2023,9,11,Sat,Mar,1,3,Q3,11,37,2023Q03,2023-Mar,2023-11,202309,202301,202337
3/12/2023,2023,3,2023,9,12,Sun,Mar,1,3,Q3,11,37,2023Q03,2023-Mar,2023-11,202309,202301,202337
3/13/2023,2023,3,2023,9,13,Mon,Mar,1,3,Q3,12,38,2023Q03,2023-Mar,2023-12,202309,202301,202338
3/14/2023,2023,3,2023,9,14,Tue,Mar,1,3,Q3,12,38,2023Q03,2023-Mar,2023-12,202309,202301,202338
3/15/2023,2023,3,2023,9,15,Wed,Mar,1,3,Q3,12,38,2023Q03,2023-Mar,2023-12,202309,202301,202338
3/16/2023,2023,3,2023,9,16,Thu,Mar,1,3,Q3,12,38,2023Q03,2023-Mar,2023-12,202309,202301,202338
3/17/2023,2023,3,2023,9,17,Fri,Mar,1,3,Q3,12,38,2023Q03,2023-Mar,2023-12,202309,202301,202338
3/18/2023,2023,3,2023,9,18,Sat,Mar,1,3,Q3,12,38,2023Q03,2023-Mar,2023-12,202309,202301,202338
3/19/2023,2023,3,2023,9,19,Sun,Mar,1,3,Q3,12,38,2023Q03,2023-Mar,2023-12,202309,202301,202338
3/20/2023,2023,3,2023,9,20,Mon,Mar,1,3,Q3,13,39,2023Q03,2023-Mar,2023-13,202309,202301,202339
3/21/2023,2023,3,2023,9,21,Tue,Mar,1,3,Q3,13,39,2023Q03,2023-Mar,2023-13,202309,202301,202339
3/22/2023,2023,3,2023,9,22,Wed,Mar,1,3,Q3,13,39,2023Q03,2023-Mar,2023-13,202309,202301,202339
3/23/2023,2023,3,2023,9,23,Thu,Mar,1,3,Q3,13,39,2023Q03,2023-Mar,2023-13,202309,202301,202339
3/24/2023,2023,3,2023,9,24,Fri,Mar,1,3,Q3,13,39,2023Q03,2023-Mar,2023-13,202309,202301,202339
3/25/2023,2023,3,2023,9,25,Sat,Mar,1,3,Q3,13,39,2023Q03,2023-Mar,2023-13,202309,202301,202339
3/26/2023,2023,3,2023,9,26,Sun,Mar,1,3,Q3,13,39,2023Q03,2023-Mar,2023-13,202309,202301,202339
3/27/2023,2023,3,2023,9,27,Mon,Mar,1,3,Q3,14,40,2023Q03,2023-Mar,2023-14,202309,202301,202340
3/28/2023,2023,3,2023,9,28,Tue,Mar,1,3,Q3,14,40,2023Q03,2023-Mar,2023-14,202309,202301,202340
3/29/2023,2023,3,2023,9,29,Wed,Mar,1,3,Q3,14,40,2023Q03,2023-Mar,2023-14,202309,202301,202340
3/30/2023,2023,3,2023,9,30,Thu,Mar,1,3,Q3,14,40,2023Q03,2023-Mar,2023-14,202309,202301,202340
3/31/2023,2023,3,2023,9,31,Fri,Mar,1,3,Q3,14,40,2023Q03,2023-Mar,2023-14,202309,202301,202340
4/1/2023,2023,4,2023,10,1,Sat,Apr,2,4,Q4,14,40,2023Q04,2023-Apr,2023-14,202310,202302,202340
4/2/2023,2023,4,2023,10,2,Sun,Apr,2,4,Q4,14,40,2023Q04,2023-Apr,2023-14,202310,202302,202340
4/3/2023,2023,4,2023,10,3,Mon,Apr,2,4,Q4,15,41,2023Q04,2023-Apr,2023-15,202310,202302,202341
4/4/2023,2023,4,2023,10,4,Tue,Apr,2,4,Q4,15,41,2023Q04,2023-Apr,2023-15,202310,202302,202341
4/5/2023,2023,4,2023,10,5,Wed,Apr,2,4,Q4,15,41,2023Q04,2023-Apr,2023-15,202310,202302,202341
4/6/2023,2023,4,2023,10,6,Thu,Apr,2,4,Q4,15,41,2023Q04,2023-Apr,2023-15,202310,202302,202341
4/7/2023,2023,4,2023,10,7,Fri,Apr,2,4,Q4,15,41,2023Q04,2023-Apr,2023-15,202310,202302,202341
4/8/2023,2023,4,2023,10,8,Sat,Apr,2,4,Q4,15,41,2023Q04,2023-Apr,2023-15,202310,202302,202341
4/9/2023,2023,4,2023,10,9,Sun,Apr,2,4,Q4,15,41,2023Q04,2023-Apr,2023-15,202310,202302,202341
4/10/2023,2023,4,2023,10,10,Mon,Apr,2,4,Q4,16,42,2023Q04,2023-Apr,2023-16,202310,202302,202342
4/11/2023,2023,4,2023,10,11,Tue,Apr,2,4,Q4,16,42,2023Q04,2023-Apr,2023-16,202310,202302,202342
4/12/2023,2023,4,2023,10,12,Wed,Apr,2,4,Q4,16,42,2023Q04,2023-Apr,2023-16,202310,202302,202342
4/13/2023,2023,4,2023,10,13,Thu,Apr,2,4,Q4,16,42,2023Q04,2023-Apr,2023-16,202310,202302,202342
4/14/2023,2023,4,2023,10,14,Fri,Apr,2,4,Q4,16,42,2023Q04,2023-Apr,2023-16,202310,202302,202342
4/15/2023,2023,4,2023,10,15,Sat,Apr,2,4,Q4,16,42,2023Q04,2023-Apr,2023-16,202310,202302,202342
4/16/2023,2023,4,2023,10,16,Sun,Apr,2,4,Q4,16,42,2023Q04,2023-Apr,2023-16,202310,202302,202342
4/17/2023,2023,4,2023,10,17,Mon,Apr,2,4,Q4,17,43,2023Q04,2023-Apr,2023-17,202310,202302,202343
4/18/2023,2023,4,2023,10,18,Tue,Apr,2,4,Q4,17,43,2023Q04,2023-Apr,2023-17,202310,202302,202343
4/19/2023,2023,4,2023,10,19,Wed,Apr,2,4,Q4,17,43,2023Q04,2023-Apr,2023-17,202310,202302,202343
4/20/2023,2023,4,2023,10,20,Thu,Apr,2,4,Q4,17,43,2023Q04,2023-Apr,2023-17,202310,202302,202343
4/21/2023,2023,4,2023,10,21,Fri,Apr,2,4,Q4,17,43,2023Q04,2023-Apr,2023-17,202310,202302,202343
4/22/2023,2023,4,2023,10,22,Sat,Apr,2,4,Q4,17,43,2023Q04,2023-Apr,2023-17,202310,202302,202343
4/23/2023,2023,4,2023,10,23,Sun,Apr,2,4,Q4,17,43,2023Q04,2023-Apr,2023-17,202310,202302,202343
4/24/2023,2023,4,2023,10,24,Mon,Apr,2,4,Q4,18,44,2023Q04,2023-Apr,2023-18,202310,202302,202344
4/25/2023,2023,4,2023,10,25,Tue,Apr,2,4,Q4,18,44,2023Q04,2023-Apr,2023-18,202310,202302,202344
4/26/2023,2023,4,2023,10,26,Wed,Apr,2,4,Q4,18,44,2023Q04,2023-Apr,2023-18,202310,202302,202344
4/27/2023,2023,4,2023,10,27,Thu,Apr,2,4,Q4,18,44,2023Q04,2023-Apr,2023-18,202310,202302,202344
4/28/2023,2023,4,2023,10,28,Fri,Apr,2,4,Q4,18,44,2023Q04,2023-Apr,2023-18,202310,202302,202344
4/29/2023,2023,4,2023,10,29,Sat,Apr,2,4,Q4,18,44,2023Q04,2023-Apr,2023-18,202310,202302,202344
4/30/2023,2023,4,2023,10,30,Sun,Apr,2,4,Q4,18,44,2023Q04,2023-Apr,2023-18,202310,202302,202344
5/1/2023,2023,5,2023,11,1,Mon,May,2,4,Q4,19,45,2023Q04,2023-May,2023-19,202311,202302,202345
5/2/2023,2023,5,2023,11,2,Tue,May,2,4,Q4,19,45,2023Q04,2023-May,2023-19,202311,202302,202345
5/3/2023,2023,5,2023,11,3,Wed,May,2,4,Q4,19,45,2023Q04,2023-May,2023-19,202311,202302,202345
5/4/2023,2023,5,2023,11,4,Thu,May,2,4,Q4,19,45,2023Q04,2023-May,2023-19,202311,202302,202345
5/5/2023,2023,5,2023,11,5,Fri,May,2,4,Q4,19,45,2023Q04,2023-May,2023-19,202311,202302,202345
5/6/2023,2023,5,2023,11,6,Sat,May,2,4,Q4,19,45,2023Q04,2023-May,2023-19,202311,202302,202345
5/7/2023,2023,5,2023,11,7,Sun,May,2,4,Q4,19,45,2023Q04,2023-May,2023-19,202311,202302,202345
5/8/2023,2023,5,2023,11,8,Mon,May,2,4,Q4,20,46,2023Q04,2023-May,2023-20,202311,202302,202346
5/9/2023,2023,5,2023,11,9,Tue,May,2,4,Q4,20,46,2023Q04,2023-May,2023-20,202311,202302,202346
5/10/2023,2023,5,2023,11,10,Wed,May,2,4,Q4,20,46,2023Q04,2023-May,2023-20,202311,202302,202346
5/11/2023,2023,5,2023,11,11,Thu,May,2,4,Q4,20,46,2023Q04,2023-May,2023-20,202311,202302,202346
5/12/2023,2023,5,2023,11,12,Fri,May,2,4,Q4,20,46,2023Q04,2023-May,2023-20,202311,202302,202346
5/13/2023,2023,5,2023,11,13,Sat,May,2,4,Q4,20,46,2023Q04,2023-May,2023-20,202311,202302,202346
5/14/2023,2023,5,2023,11,14,Sun,May,2,4,Q4,20,46,2023Q04,2023-May,2023-20,202311,202302,202346
5/15/2023,2023,5,2023,11,15,Mon,May,2,4,Q4,21,47,2023Q04,2023-May,2023-21,202311,202302,202347
5/16/2023,2023,5,2023,11,16,Tue,May,2,4,Q4,21,47,2023Q04,2023-May,2023-21,202311,202302,202347
5/17/2023,2023,5,2023,11,17,Wed,May,2,4,Q4,21,47,2023Q04,2023-May,2023-21,202311,202302,202347
5/18/2023,2023,5,2023,11,18,Thu,May,2,4,Q4,21,47,2023Q04,2023-May,2023-21,202311,202302,202347
5/19/2023,2023,5,2023,11,19,Fri,May,2,4,Q4,21,47,2023Q04,2023-May,2023-21,202311,202302,202347
5/20/2023,2023,5,2023,11,20,Sat,May,2,4,Q4,21,47,2023Q04,2023-May,2023-21,202311,202302,202347
5/21/2023,2023,5,2023,11,21,Sun,May,2,4,Q4,21,47,2023Q04,2023-May,2023-21,202311,202302,202347
5/22/2023,2023,5,2023,11,22,Mon,May,2,4,Q4,22,48,2023Q04,2023-May,2023-22,202311,202302,202348
5/23/2023,2023,5,2023,11,23,Tue,May,2,4,Q4,22,48,2023Q04,2023-May,2023-22,202311,202302,202348
5/24/2023,2023,5,2023,11,24,Wed,May,2,4,Q4,22,48,2023Q04,2023-May,2023-22,202311,202302,202348
5/25/2023,2023,5,2023,11,25,Thu,May,2,4,Q4,22,48,2023Q04,2023-May,2023-22,202311,202302,202348
5/26/2023,2023,5,2023,11,26,Fri,May,2,4,Q4,22,48,2023Q04,2023-May,2023-22,202311,202302,202348
5/27/2023,2023,5,2023,11,27,Sat,May,2,4,Q4,22,48,2023Q04,2023-May,2023-22,202311,202302,202348
5/28/2023,2023,5,2023,11,28,Sun,May,2,4,Q4,22,48,2023Q04,2023-May,2023-22,202311,202302,202348
5/29/2023,2023,5,2023,11,29,Mon,May,2,4,Q4,23,49,2023Q04,2023-May,2023-23,202311,202302,202349
5/30/2023,2023,5,2023,11,30,Tue,May,2,4,Q4,23,49,2023Q04,2023-May,2023-23,202311,202302,202349
5/31/2023,2023,5,2023,11,31,Wed,May,2,4,Q4,23,49,2023Q04,2023-May,2023-23,202311,202302,202349
6/1/2023,2023,6,2023,12,1,Thu,Jun,2,4,Q4,23,49,2023Q04,2023-Jun,2023-23,202312,202302,202349
6/2/2023,2023,6,2023,12,2,Fri,Jun,2,4,Q4,23,49,2023Q04,2023-Jun,2023-23,202312,202302,202349
6/3/2023,2023,6,2023,12,3,Sat,Jun,2,4,Q4,23,49,2023Q04,2023-Jun,2023-23,202312,202302,202349
6/4/2023,2023,6,2023,12,4,Sun,Jun,2,4,Q4,23,49,2023Q04,2023-Jun,2023-23,202312,202302,202349
6/5/2023,2023,6,2023,12,5,Mon,Jun,2,4,Q4,24,50,2023Q04,2023-Jun,2023-24,202312,202302,202350
6/6/2023,2023,6,2023,12,6,Tue,Jun,2,4,Q4,24,50,2023Q04,2023-Jun,2023-24,202312,202302,202350
6/7/2023,2023,6,2023,12,7,Wed,Jun,2,4,Q4,24,50,2023Q04,2023-Jun,2023-24,202312,202302,202350
6/8/2023,2023,6,2023,12,8,Thu,Jun,2,4,Q4,24,50,2023Q04,2023-Jun,2023-24,202312,202302,202350
6/9/2023,2023,6,2023,12,9,Fri,Jun,2,4,Q4,24,50,2023Q04,2023-Jun,2023-24,202312,202302,202350
6/10/2023,2023,6,2023,12,10,Sat,Jun,2,4,Q4,24,50,2023Q04,2023-Jun,2023-24,202312,202302,202350
6/11/2023,2023,6,2023,12,11,Sun,Jun,2,4,Q4,24,50,2023Q04,2023-Jun,2023-24,202312,202302,202350
6/12/2023,2023,6,2023,12,12,Mon,Jun,2,4,Q4,25,51,2023Q04,2023-Jun,2023-25,202312,202302,202351
6/13/2023,2023,6,2023,12,13,Tue,Jun,2,4,Q4,25,51,2023Q04,2023-Jun,2023-25,202312,202302,202351
6/14/2023,2023,6,2023,12,14,Wed,Jun,2,4,Q4,25,51,2023Q04,2023-Jun,2023-25,202312,202302,202351
6/15/2023,2023,6,2023,12,15,Thu,Jun,2,4,Q4,25,51,2023Q04,2023-Jun,2023-25,202312,202302,202351
6/16/2023,2023,6,2023,12,16,Fri,Jun,2,4,Q4,25,51,2023Q04,2023-Jun,2023-25,202312,202302,202351
6/17/2023,2023,6,2023,12,17,Sat,Jun,2,4,Q4,25,51,2023Q04,2023-Jun,2023-25,202312,202302,202351
6/18/2023,2023,6,2023,12,18,Sun,Jun,2,4,Q4,25,51,2023Q04,2023-Jun,2023-25,202312,202302,202351
6/19/2023,2023,6,2023,12,19,Mon,Jun,2,4,Q4,26,52,2023Q04,2023-Jun,2023-26,202312,202302,202352
6/20/2023,2023,6,2023,12,20,Tue,Jun,2,4,Q4,26,52,2023Q04,2023-Jun,2023-26,202312,202302,202352
6/21/2023,2023,6,2023,12,21,Wed,Jun,2,4,Q4,26,52,2023Q04,2023-Jun,2023-26,202312,202302,202352
6/22/2023,2023,6,2023,12,22,Thu,Jun,2,4,Q4,26,52,2023Q04,2023-Jun,2023-26,202312,202302,202352
6/23/2023,2023,6,2023,12,23,Fri,Jun,2,4,Q4,26,52,2023Q04,2023-Jun,2023-26,202312,202302,202352
6/24/2023,2023,6,2023,12,24,Sat,Jun,2,4,Q4,26,52,2023Q04,2023-Jun,2023-26,202312,202302,202352
6/25/2023,2023,6,2023,12,25,Sun,Jun,2,4,Q4,26,52,2023Q04,2023-Jun,2023-26,202312,202302,202352
6/26/2023,2023,6,2023,12,26,Mon,Jun,2,4,Q4,27,1,2023Q04,2023-Jun,2023-27,202312,202302,202301
6/27/2023,2023,6,2023,12,27,Tue,Jun,2,4,Q4,27,1,2023Q04,2023-Jun,2023-27,202312,202302,202301
6/28/2023,2023,6,2023,12,28,Wed,Jun,2,4,Q4,27,1,2023Q04,2023-Jun,2023-27,202312,202302,202301
6/29/2023,2023,6,2023,12,29,Thu,Jun,2,4,Q4,27,1,2023Q04,2023-Jun,2023-27,202312,202302,202301
6/30/2023,2023,6,2023,12,30,Fri,Jun,2,4,Q4,27,1,2023Q04,2023-Jun,2023-27,202312,202302,202301
7/1/2023,2023,7,2024,1,1,Sat,Jul,3,1,Q1,27,1,2024Q01,2023-Jul,2023-27,202401,202303,202301
7/2/2023,2023,7,2024,1,2,Sun,Jul,3,1,Q1,27,1,2024Q01,2023-Jul,2023-27,202401,202303,202301
7/3/2023,2023,7,2024,1,3,Mon,Jul,3,1,Q1,28,2,2024Q01,2023-Jul,2023-28,202401,202303,202302
7/4/2023,2023,7,2024,1,4,Tue,Jul,3,1,Q1,28,2,2024Q01,2023-Jul,2023-28,202401,202303,202302
7/5/2023,2023,7,2024,1,5,Wed,Jul,3,1,Q1,28,2,2024Q01,2023-Jul,2023-28,202401,202303,202302
7/6/2023,2023,7,2024,1,6,Thu,Jul,3,1,Q1,28,2,2024Q01,2023-Jul,2023-28,202401,202303,202302
7/7/2023,2023,7,2024,1,7,Fri,Jul,3,1,Q1,28,2,2024Q01,2023-Jul,2023-28,202401,202303,202302
7/8/2023,2023,7,2024,1,8,Sat,Jul,3,1,Q1,28,2,2024Q01,2023-Jul,2023-28,202401,202303,202302
7/9/2023,2023,7,2024,1,9,Sun,Jul,3,1,Q1,28,2,2024Q01,2023-Jul,2023-28,202401,202303,202302
7/10/2023,2023,7,2024,1,10,Mon,Jul,3,1,Q1,29,3,2024Q01,2023-Jul,2023-29,202401,202303,202303
7/11/2023,2023,7,2024,1,11,Tue,Jul,3,1,Q1,29,3,2024Q01,2023-Jul,2023-29,202401,202303,202303
7/12/2023,2023,7,2024,1,12,Wed,Jul,3,1,Q1,29,3,2024Q01,2023-Jul,2023-29,202401,202303,202303
7/13/2023,2023,7,2024,1,13,Thu,Jul,3,1,Q1,29,3,2024Q01,2023-Jul,2023-29,202401,202303,202303
7/14/2023,2023,7,2024,1,14,Fri,Jul,3,1,Q1,29,3,2024Q01,2023-Jul,2023-29,202401,202303,202303
7/15/2023,2023,7,2024,1,15,Sat,Jul,3,1,Q1,29,3,2024Q01,2023-Jul,2023-29,202401,202303,202303
7/16/2023,2023,7,2024,1,16,Sun,Jul,3,1,Q1,29,3,2024Q01,2023-Jul,2023-29,202401,202303,202303
7/17/2023,2023,7,2024,1,17,Mon,Jul,3,1,Q1,30,4,2024Q01,2023-Jul,2023-30,202401,202303,202304
7/18/2023,2023,7,2024,1,18,Tue,Jul,3,1,Q1,30,4,2024Q01,2023-Jul,2023-30,202401,202303,202304
7/19/2023,2023,7,2024,1,19,Wed,Jul,3,1,Q1,30,4,2024Q01,2023-Jul,2023-30,202401,202303,202304
7/20/2023,2023,7,2024,1,20,Thu,Jul,3,1,Q1,30,4,2024Q01,2023-Jul,2023-30,202401,202303,202304
7/21/2023,2023,7,2024,1,21,Fri,Jul,3,1,Q1,30,4,2024Q01,2023-Jul,2023-30,202401,202303,202304
7/22/2023,2023,7,2024,1,22,Sat,Jul,3,1,Q1,30,4,2024Q01,2023-Jul,2023-30,202401,202303,202304
7/23/2023,2023,7,2024,1,23,Sun,Jul,3,1,Q1,30,4,2024Q01,2023-Jul,2023-30,202401,202303,202304
7/24/2023,2023,7,2024,1,24,Mon,Jul,3,1,Q1,31,5,2024Q01,2023-Jul,2023-31,202401,202303,202305
7/25/2023,2023,7,2024,1,25,Tue,Jul,3,1,Q1,31,5,2024Q01,2023-Jul,2023-31,202401,202303,202305
7/26/2023,2023,7,2024,1,26,Wed,Jul,3,1,Q1,31,5,2024Q01,2023-Jul,2023-31,202401,202303,202305
7/27/2023,2023,7,2024,1,27,Thu,Jul,3,1,Q1,31,5,2024Q01,2023-Jul,2023-31,202401,202303,202305
7/28/2023,2023,7,2024,1,28,Fri,Jul,3,1,Q1,31,5,2024Q01,2023-Jul,2023-31,202401,202303,202305
7/29/2023,2023,7,2024,1,29,Sat,Jul,3,1,Q1,31,5,2024Q01,2023-Jul,2023-31,202401,202303,202305
7/30/2023,2023,7,2024,1,30,Sun,Jul,3,1,Q1,31,5,2024Q01,2023-Jul,2023-31,202401,202303,202305
7/31/2023,2023,7,2024,1,31,Mon,Jul,3,1,Q1,32,6,2024Q01,2023-Jul,2023-32,202401,202303,202306
8/1/2023,2023,8,2024,2,1,Tue,Aug,3,1,Q1,32,6,2024Q01,2023-Aug,2023-32,202402,202303,202306
8/2/2023,2023,8,2024,2,2,Wed,Aug,3,1,Q1,32,6,2024Q01,2023-Aug,2023-32,202402,202303,202306
8/3/2023,2023,8,2024,2,3,Thu,Aug,3,1,Q1,32,6,2024Q01,2023-Aug,2023-32,202402,202303,202306
8/4/2023,2023,8,2024,2,4,Fri,Aug,3,1,Q1,32,6,2024Q01,2023-Aug,2023-32,202402,202303,202306
8/5/2023,2023,8,2024,2,5,Sat,Aug,3,1,Q1,32,6,2024Q01,2023-Aug,2023-32,202402,202303,202306
8/6/2023,2023,8,2024,2,6,Sun,Aug,3,1,Q1,32,6,2024Q01,2023-Aug,2023-32,202402,202303,202306
8/7/2023,2023,8,2024,2,7,Mon,Aug,3,1,Q1,33,7,2024Q01,2023-Aug,2023-33,202402,202303,202307
8/8/2023,2023,8,2024,2,8,Tue,Aug,3,1,Q1,33,7,2024Q01,2023-Aug,2023-33,202402,202303,202307
8/9/2023,2023,8,2024,2,9,Wed,Aug,3,1,Q1,33,7,2024Q01,2023-Aug,2023-33,202402,202303,202307
8/10/2023,2023,8,2024,2,10,Thu,Aug,3,1,Q1,33,7,2024Q01,2023-Aug,2023-33,202402,202303,202307
8/11/2023,2023,8,2024,2,11,Fri,Aug,3,1,Q1,33,7,2024Q01,2023-Aug,2023-33,202402,202303,202307
8/12/2023,2023,8,2024,2,12,Sat,Aug,3,1,Q1,33,7,2024Q01,2023-Aug,2023-33,202402,202303,202307
8/13/2023,2023,8,2024,2,13,Sun,Aug,3,1,Q1,33,7,2024Q01,2023-Aug,2023-33,202402,202303,202307
8/14/2023,2023,8,2024,2,14,Mon,Aug,3,1,Q1,34,8,2024Q01,2023-Aug,2023-34,202402,202303,202308
8/15/2023,2023,8,2024,2,15,Tue,Aug,3,1,Q1,34,8,2024Q01,2023-Aug,2023-34,202402,202303,202308
8/16/2023,2023,8,2024,2,16,Wed,Aug,3,1,Q1,34,8,2024Q01,2023-Aug,2023-34,202402,202303,202308
8/17/2023,2023,8,2024,2,17,Thu,Aug,3,1,Q1,34,8,2024Q01,2023-Aug,2023-34,202402,202303,202308
8/18/2023,2023,8,2024,2,18,Fri,Aug,3,1,Q1,34,8,2024Q01,2023-Aug,2023-34,202402,202303,202308
8/19/2023,2023,8,2024,2,19,Sat,Aug,3,1,Q1,34,8,2024Q01,2023-Aug,2023-34,202402,202303,202308
8/20/2023,2023,8,2024,2,20,Sun,Aug,3,1,Q1,34,8,2024Q01,2023-Aug,2023-34,202402,202303,202308
8/21/2023,2023,8,2024,2,21,Mon,Aug,3,1,Q1,35,9,2024Q01,2023-Aug,2023-35,202402,202303,202309
8/22/2023,2023,8,2024,2,22,Tue,Aug,3,1,Q1,35,9,2024Q01,2023-Aug,2023-35,202402,202303,202309
8/23/2023,2023,8,2024,2,23,Wed,Aug,3,1,Q1,35,9,2024Q01,2023-Aug,2023-35,202402,202303,202309
8/24/2023,2023,8,2024,2,24,Thu,Aug,3,1,Q1,35,9,2024Q01,2023-Aug,2023-35,202402,202303,202309
8/25/2023,2023,8,2024,2,25,Fri,Aug,3,1,Q1,35,9,2024Q01,2023-Aug,2023-35,202402,202303,202309
8/26/2023,2023,8,2024,2,26,Sat,Aug,3,1,Q1,35,9,2024Q01,2023-Aug,2023-35,202402,202303,202309
8/27/2023,2023,8,2024,2,27,Sun,Aug,3,1,Q1,35,9,2024Q01,2023-Aug,2023-35,202402,202303,202309
8/28/2023,2023,8,2024,2,28,Mon,Aug,3,1,Q1,36,10,2024Q01,2023-Aug,2023-36,202402,202303,202310
8/29/2023,2023,8,2024,2,29,Tue,Aug,3,1,Q1,36,10,2024Q01,2023-Aug,2023-36,202402,202303,202310
8/30/2023,2023,8,2024,2,30,Wed,Aug,3,1,Q1,36,10,2024Q01,2023-Aug,2023-36,202402,202303,202310
8/31/2023,2023,8,2024,2,31,Thu,Aug,3,1,Q1,36,10,2024Q01,2023-Aug,2023-36,202402,202303,202310
9/1/2023,2023,9,2024,3,1,Fri,Sep,3,1,Q1,36,10,2024Q01,2023-Sep,2023-36,202403,202303,202310
9/2/2023,2023,9,2024,3,2,Sat,Sep,3,1,Q1,36,10,2024Q01,2023-Sep,2023-36,202403,202303,202310
9/3/2023,2023,9,2024,3,3,Sun,Sep,3,1,Q1,36,10,2024Q01,2023-Sep,2023-36,202403,202303,202310
9/4/2023,2023,9,2024,3,4,Mon,Sep,3,1,Q1,37,11,2024Q01,2023-Sep,2023-37,202403,202303,202311
9/5/2023,2023,9,2024,3,5,Tue,Sep,3,1,Q1,37,11,2024Q01,2023-Sep,2023-37,202403,202303,202311
9/6/2023,2023,9,2024,3,6,Wed,Sep,3,1,Q1,37,11,2024Q01,2023-Sep,2023-37,202403,202303,202311
9/7/2023,2023,9,2024,3,7,Thu,Sep,3,1,Q1,37,11,2024Q01,2023-Sep,2023-37,202403,202303,202311
9/8/2023,2023,9,2024,3,8,Fri,Sep,3,1,Q1,37,11,2024Q01,2023-Sep,2023-37,202403,202303,202311
9/9/2023,2023,9,2024,3,9,Sat,Sep,3,1,Q1,37,11,2024Q01,2023-Sep,2023-37,202403,202303,202311
9/10/2023,2023,9,2024,3,10,Sun,Sep,3,1,Q1,37,11,2024Q01,2023-Sep,2023-37,202403,202303,202311
9/11/2023,2023,9,2024,3,11,Mon,Sep,3,1,Q1,38,12,2024Q01,2023-Sep,2023-38,202403,202303,202312
9/12/2023,2023,9,2024,3,12,Tue,Sep,3,1,Q1,38,12,2024Q01,2023-Sep,2023-38,202403,202303,202312
9/13/2023,2023,9,2024,3,13,Wed,Sep,3,1,Q1,38,12,2024Q01,2023-Sep,2023-38,202403,202303,202312
9/14/2023,2023,9,2024,3,14,Thu,Sep,3,1,Q1,38,12,2024Q01,2023-Sep,2023-38,202403,202303,202312
9/15/2023,2023,9,2024,3,15,Fri,Sep,3,1,Q1,38,12,2024Q01,2023-Sep,2023-38,202403,202303,202312
9/16/2023,2023,9,2024,3,16,Sat,Sep,3,1,Q1,38,12,2024Q01,2023-Sep,2023-38,202403,202303,202312
9/17/2023,2023,9,2024,3,17,Sun,Sep,3,1,Q1,38,12,2024Q01,2023-Sep,2023-38,202403,202303,202312
9/18/2023,2023,9,2024,3,18,Mon,Sep,3,1,Q1,39,13,2024Q01,2023-Sep,2023-39,202403,202303,202313
9/19/2023,2023,9,2024,3,19,Tue,Sep,3,1,Q1,39,13,2024Q01,2023-Sep,2023-39,202403,202303,202313
9/20/2023,2023,9,2024,3,20,Wed,Sep,3,1,Q1,39,13,2024Q01,2023-Sep,2023-39,202403,202303,202313
9/21/2023,2023,9,2024,3,21,Thu,Sep,3,1,Q1,39,13,2024Q01,2023-Sep,2023-39,202403,202303,202313
9/22/2023,2023,9,2024,3,22,Fri,Sep,3,1,Q1,39,13,2024Q01,2023-Sep,2023-39,202403,202303,202313
9/23/2023,2023,9,2024,3,23,Sat,Sep,3,1,Q1,39,13,2024Q01,2023-Sep,2023-39,202403,202303,202313
9/24/2023,2023,9,2024,3,24,Sun,Sep,3,1,Q1,39,13,2024Q01,2023-Sep,2023-39,202403,202303,202313
9/25/2023,2023,9,2024,3,25,Mon,Sep,3,1,Q1,40,14,2024Q01,2023-Sep,2023-40,202403,202303,202314
9/26/2023,2023,9,2024,3,26,Tue,Sep,3,1,Q1,40,14,2024Q01,2023-Sep,2023-40,202403,202303,202314
9/27/2023,2023,9,2024,3,27,Wed,Sep,3,1,Q1,40,14,2024Q01,2023-Sep,2023-40,202403,202303,202314
9/28/2023,2023,9,2024,3,28,Thu,Sep,3,1,Q1,40,14,2024Q01,2023-Sep,2023-40,202403,202303,202314
9/29/2023,2023,9,2024,3,29,Fri,Sep,3,1,Q1,40,14,2024Q01,2023-Sep,2023-40,202403,202303,202314
9/30/2023,2023,9,2024,3,30,Sat,Sep,3,1,Q1,40,14,2024Q01,2023-Sep,2023-40,202403,202303,202314
10/1/2023,2023,10,2024,4,1,Sun,Oct,4,2,Q2,40,14,2024Q02,2023-Oct,2023-40,202404,202304,202314
10/2/2023,2023,10,2024,4,2,Mon,Oct,4,2,Q2,41,15,2024Q02,2023-Oct,2023-41,202404,202304,202315
10/3/2023,2023,10,2024,4,3,Tue,Oct,4,2,Q2,41,15,2024Q02,2023-Oct,2023-41,202404,202304,202315
10/4/2023,2023,10,2024,4,4,Wed,Oct,4,2,Q2,41,15,2024Q02,2023-Oct,2023-41,202404,202304,202315
10/5/2023,2023,10,2024,4,5,Thu,Oct,4,2,Q2,41,15,2024Q02,2023-Oct,2023-41,202404,202304,202315
10/6/2023,2023,10,2024,4,6,Fri,Oct,4,2,Q2,41,15,2024Q02,2023-Oct,2023-41,202404,202304,202315
10/7/2023,2023,10,2024,4,7,Sat,Oct,4,2,Q2,41,15,2024Q02,2023-Oct,2023-41,202404,202304,202315
10/8/2023,2023,10,2024,4,8,Sun,Oct,4,2,Q2,41,15,2024Q02,2023-Oct,2023-41,202404,202304,202315
10/9/2023,2023,10,2024,4,9,Mon,Oct,4,2,Q2,42,16,2024Q02,2023-Oct,2023-42,202404,202304,202316
10/10/2023,2023,10,2024,4,10,Tue,Oct,4,2,Q2,42,16,2024Q02,2023-Oct,2023-42,202404,202304,202316
10/11/2023,2023,10,2024,4,11,Wed,Oct,4,2,Q2,42,16,2024Q02,2023-Oct,2023-42,202404,202304,202316
10/12/2023,2023,10,2024,4,12,Thu,Oct,4,2,Q2,42,16,2024Q02,2023-Oct,2023-42,202404,202304,202316
10/13/2023,2023,10,2024,4,13,Fri,Oct,4,2,Q2,42,16,2024Q02,2023-Oct,2023-42,202404,202304,202316
10/14/2023,2023,10,2024,4,14,Sat,Oct,4,2,Q2,42,16,2024Q02,2023-Oct,2023-42,202404,202304,202316
10/15/2023,2023,10,2024,4,15,Sun,Oct,4,2,Q2,42,16,2024Q02,2023-Oct,2023-42,202404,202304,202316
10/16/2023,2023,10,2024,4,16,Mon,Oct,4,2,Q2,43,17,2024Q02,2023-Oct,2023-43,202404,202304,202317
10/17/2023,2023,10,2024,4,17,Tue,Oct,4,2,Q2,43,17,2024Q02,2023-Oct,2023-43,202404,202304,202317
10/18/2023,2023,10,2024,4,18,Wed,Oct,4,2,Q2,43,17,2024Q02,2023-Oct,2023-43,202404,202304,202317
10/19/2023,2023,10,2024,4,19,Thu,Oct,4,2,Q2,43,17,2024Q02,2023-Oct,2023-43,202404,202304,202317
10/20/2023,2023,10,2024,4,20,Fri,Oct,4,2,Q2,43,17,2024Q02,2023-Oct,2023-43,202404,202304,202317
10/21/2023,2023,10,2024,4,21,Sat,Oct,4,2,Q2,43,17,2024Q02,2023-Oct,2023-43,202404,202304,202317
10/22/2023,2023,10,2024,4,22,Sun,Oct,4,2,Q2,43,17,2024Q02,2023-Oct,2023-43,202404,202304,202317
10/23/2023,2023,10,2024,4,23,Mon,Oct,4,2,Q2,44,18,2024Q02,2023-Oct,2023-44,202404,202304,202318
10/24/2023,2023,10,2024,4,24,Tue,Oct,4,2,Q2,44,18,2024Q02,2023-Oct,2023-44,202404,202304,202318
10/25/2023,2023,10,2024,4,25,Wed,Oct,4,2,Q2,44,18,2024Q02,2023-Oct,2023-44,202404,202304,202318
10/26/2023,2023,10,2024,4,26,Thu,Oct,4,2,Q2,44,18,2024Q02,2023-Oct,2023-44,202404,202304,202318
10/27/2023,2023,10,2024,4,27,Fri,Oct,4,2,Q2,44,18,2024Q02,2023-Oct,2023-44,202404,202304,202318
10/28/2023,2023,10,2024,4,28,Sat,Oct,4,2,Q2,44,18,2024Q02,2023-Oct,2023-44,202404,202304,202318
10/29/2023,2023,10,2024,4,29,Sun,Oct,4,2,Q2,44,18,2024Q02,2023-Oct,2023-44,202404,202304,202318
10/30/2023,2023,10,2024,4,30,Mon,Oct,4,2,Q2,45,19,2024Q02,2023-Oct,2023-45,202404,202304,202319
10/31/2023,2023,10,2024,4,31,Tue,Oct,4,2,Q2,45,19,2024Q02,2023-Oct,2023-45,202404,202304,202319
11/1/2023,2023,11,2024,5,1,Wed,Nov,4,2,Q2,45,19,2024Q02,2023-Nov,2023-45,202405,202304,202319
11/2/2023,2023,11,2024,5,2,Thu,Nov,4,2,Q2,45,19,2024Q02,2023-Nov,2023-45,202405,202304,202319
11/3/2023,2023,11,2024,5,3,Fri,Nov,4,2,Q2,45,19,2024Q02,2023-Nov,2023-45,202405,202304,202319
11/4/2023,2023,11,2024,5,4,Sat,Nov,4,2,Q2,45,19,2024Q02,2023-Nov,2023-45,202405,202304,202319
11/5/2023,2023,11,2024,5,5,Sun,Nov,4,2,Q2,45,19,2024Q02,2023-Nov,2023-45,202405,202304,202319
11/6/2023,2023,11,2024,5,6,Mon,Nov,4,2,Q2,46,20,2024Q02,2023-Nov,2023-46,202405,202304,202320
11/7/2023,2023,11,2024,5,7,Tue,Nov,4,2,Q2,46,20,2024Q02,2023-Nov,2023-46,202405,202304,202320
11/8/2023,2023,11,2024,5,8,Wed,Nov,4,2,Q2,46,20,2024Q02,2023-Nov,2023-46,202405,202304,202320
11/9/2023,2023,11,2024,5,9,Thu,Nov,4,2,Q2,46,20,2024Q02,2023-Nov,2023-46,202405,202304,202320
11/10/2023,2023,11,2024,5,10,Fri,Nov,4,2,Q2,46,20,2024Q02,2023-Nov,2023-46,202405,202304,202320
11/11/2023,2023,11,2024,5,11,Sat,Nov,4,2,Q2,46,20,2024Q02,2023-Nov,2023-46,202405,202304,202320
11/12/2023,2023,11,2024,5,12,Sun,Nov,4,2,Q2,46,20,2024Q02,2023-Nov,2023-46,202405,202304,202320
11/13/2023,2023,11,2024,5,13,Mon,Nov,4,2,Q2,47,21,2024Q02,2023-Nov,2023-47,202405,202304,202321
11/14/2023,2023,11,2024,5,14,Tue,Nov,4,2,Q2,47,21,2024Q02,2023-Nov,2023-47,202405,202304,202321
11/15/2023,2023,11,2024,5,15,Wed,Nov,4,2,Q2,47,21,2024Q02,2023-Nov,2023-47,202405,202304,202321
11/16/2023,2023,11,2024,5,16,Thu,Nov,4,2,Q2,47,21,2024Q02,2023-Nov,2023-47,202405,202304,202321
11/17/2023,2023,11,2024,5,17,Fri,Nov,4,2,Q2,47,21,2024Q02,2023-Nov,2023-47,202405,202304,202321
11/18/2023,2023,11,2024,5,18,Sat,Nov,4,2,Q2,47,21,2024Q02,2023-Nov,2023-47,202405,202304,202321
11/19/2023,2023,11,2024,5,19,Sun,Nov,4,2,Q2,47,21,2024Q02,2023-Nov,2023-47,202405,202304,202321
11/20/2023,2023,11,2024,5,20,Mon,Nov,4,2,Q2,48,22,2024Q02,2023-Nov,2023-48,202405,202304,202322
11/21/2023,2023,11,2024,5,21,Tue,Nov,4,2,Q2,48,22,2024Q02,2023-Nov,2023-48,202405,202304,202322
11/22/2023,2023,11,2024,5,22,Wed,Nov,4,2,Q2,48,22,2024Q02,2023-Nov,2023-48,202405,202304,202322
11/23/2023,2023,11,2024,5,23,Thu,Nov,4,2,Q2,48,22,2024Q02,2023-Nov,2023-48,202405,202304,202322
11/24/2023,2023,11,2024,5,24,Fri,Nov,4,2,Q2,48,22,2024Q02,2023-Nov,2023-48,202405,202304,202322
11/25/2023,2023,11,2024,5,25,Sat,Nov,4,2,Q2,48,22,2024Q02,2023-Nov,2023-48,202405,202304,202322
11/26/2023,2023,11,2024,5,26,Sun,Nov,4,2,Q2,48,22,2024Q02,2023-Nov,2023-48,202405,202304,202322
11/27/2023,2023,11,2024,5,27,Mon,Nov,4,2,Q2,49,23,2024Q02,2023-Nov,2023-49,202405,202304,202323
11/28/2023,2023,11,2024,5,28,Tue,Nov,4,2,Q2,49,23,2024Q02,2023-Nov,2023-49,202405,202304,202323
11/29/2023,2023,11,2024,5,29,Wed,Nov,4,2,Q2,49,23,2024Q02,2023-Nov,2023-49,202405,202304,202323
11/30/2023,2023,11,2024,5,30,Thu,Nov,4,2,Q2,49,23,2024Q02,2023-Nov,2023-49,202405,202304,202323
12/1/2023,2023,12,2024,6,1,Fri,Dec,4,2,Q2,49,23,2024Q02,2023-Dec,2023-49,202406,202304,202323
12/2/2023,2023,12,2024,6,2,Sat,Dec,4,2,Q2,49,23,2024Q02,2023-Dec,2023-49,202406,202304,202323
12/3/2023,2023,12,2024,6,3,Sun,Dec,4,2,Q2,49,23,2024Q02,2023-Dec,2023-49,202406,202304,202323
12/4/2023,2023,12,2024,6,4,Mon,Dec,4,2,Q2,50,24,2024Q02,2023-Dec,2023-50,202406,202304,202324
12/5/2023,2023,12,2024,6,5,Tue,Dec,4,2,Q2,50,24,2024Q02,2023-Dec,2023-50,202406,202304,202324
12/6/2023,2023,12,2024,6,6,Wed,Dec,4,2,Q2,50,24,2024Q02,2023-Dec,2023-50,202406,202304,202324
12/7/2023,2023,12,2024,6,7,Thu,Dec,4,2,Q2,50,24,2024Q02,2023-Dec,2023-50,202406,202304,202324
12/8/2023,2023,12,2024,6,8,Fri,Dec,4,2,Q2,50,24,2024Q02,2023-Dec,2023-50,202406,202304,202324
12/9/2023,2023,12,2024,6,9,Sat,Dec,4,2,Q2,50,24,2024Q02,2023-Dec,2023-50,202406,202304,202324
12/10/2023,2023,12,2024,6,10,Sun,Dec,4,2,Q2,50,24,2024Q02,2023-Dec,2023-50,202406,202304,202324
12/11/2023,2023,12,2024,6,11,Mon,Dec,4,2,Q2,51,25,2024Q02,2023-Dec,2023-51,202406,202304,202325
12/12/2023,2023,12,2024,6,12,Tue,Dec,4,2,Q2,51,25,2024Q02,2023-Dec,2023-51,202406,202304,202325
12/13/2023,2023,12,2024,6,13,Wed,Dec,4,2,Q2,51,25,2024Q02,2023-Dec,2023-51,202406,202304,202325
12/14/2023,2023,12,2024,6,14,Thu,Dec,4,2,Q2,51,25,2024Q02,2023-Dec,2023-51,202406,202304,202325
12/15/2023,2023,12,2024,6,15,Fri,Dec,4,2,Q2,51,25,2024Q02,2023-Dec,2023-51,202406,202304,202325
12/16/2023,2023,12,2024,6,16,Sat,Dec,4,2,Q2,51,25,2024Q02,2023-Dec,2023-51,202406,202304,202325
12/17/2023,2023,12,2024,6,17,Sun,Dec,4,2,Q2,51,25,2024Q02,2023-Dec,2023-51,202406,202304,202325
12/18/2023,2023,12,2024,6,18,Mon,Dec,4,2,Q2,52,26,2024Q02,2023-Dec,2023-52,202406,202304,202326
12/19/2023,2023,12,2024,6,19,Tue,Dec,4,2,Q2,52,26,2024Q02,2023-Dec,2023-52,202406,202304,202326
12/20/2023,2023,12,2024,6,20,Wed,Dec,4,2,Q2,52,26,2024Q02,2023-Dec,2023-52,202406,202304,202326
12/21/2023,2023,12,2024,6,21,Thu,Dec,4,2,Q2,52,26,2024Q02,2023-Dec,2023-52,202406,202304,202326
12/22/2023,2023,12,2024,6,22,Fri,Dec,4,2,Q2,52,26,2024Q02,2023-Dec,2023-52,202406,202304,202326
12/23/2023,2023,12,2024,6,23,Sat,Dec,4,2,Q2,52,26,2024Q02,2023-Dec,2023-52,202406,202304,202326
12/24/2023,2023,12,2024,6,24,Sun,Dec,4,2,Q2,52,26,2024Q02,2023-Dec,2023-52,202406,202304,202326
12/25/2023,2023,12,2024,6,25,Mon,Dec,4,2,Q2,53,27,2024Q02,2023-Dec,2023-53,202406,202304,202327
12/26/2023,2023,12,2024,6,26,Tue,Dec,4,2,Q2,53,27,2024Q02,2023-Dec,2023-53,202406,202304,202327
12/27/2023,2023,12,2024,6,27,Wed,Dec,4,2,Q2,53,27,2024Q02,2023-Dec,2023-53,202406,202304,202327
12/28/2023,2023,12,2024,6,28,Thu,Dec,4,2,Q2,53,27,2024Q02,2023-Dec,2023-53,202406,202304,202327
12/29/2023,2023,12,2024,6,29,Fri,Dec,4,2,Q2,53,27,2024Q02,2023-Dec,2023-53,202406,202304,202327
12/30/2023,2023,12,2024,6,30,Sat,Dec,4,2,Q2,53,27,2024Q02,2023-Dec,2023-53,202406,202304,202327
12/31/2023,2023,12,2024,6,31,Sun,Dec,4,2,Q2,53,27,2024Q02,2023-Dec,2023-53,202406,202304,202327
1/1/2024,2024,1,2024,7,1,Mon,Jan,1,3,Q3,1,27,2024Q03,2024-Jan,2024-01,202407,202401,202427
1/2/2024,2024,1,2024,7,2,Tue,Jan,1,3,Q3,1,27,2024Q03,2024-Jan,2024-01,202407,202401,202427
1/3/2024,2024,1,2024,7,3,Wed,Jan,1,3,Q3,1,27,2024Q03,2024-Jan,2024-01,202407,202401,202427
1/4/2024,2024,1,2024,7,4,Thu,Jan,1,3,Q3,1,27,2024Q03,2024-Jan,2024-01,202407,202401,202427
1/5/2024,2024,1,2024,7,5,Fri,Jan,1,3,Q3,1,27,2024Q03,2024-Jan,2024-01,202407,202401,202427
1/6/2024,2024,1,2024,7,6,Sat,Jan,1,3,Q3,1,27,2024Q03,2024-Jan,2024-01,202407,202401,202427
1/7/2024,2024,1,2024,7,7,Sun,Jan,1,3,Q3,1,27,2024Q03,2024-Jan,2024-01,202407,202401,202427
1/8/2024,2024,1,2024,7,8,Mon,Jan,1,3,Q3,2,28,2024Q03,2024-Jan,2024-02,202407,202401,202428
1/9/2024,2024,1,2024,7,9,Tue,Jan,1,3,Q3,2,28,2024Q03,2024-Jan,2024-02,202407,202401,202428
1/10/2024,2024,1,2024,7,10,Wed,Jan,1,3,Q3,2,28,2024Q03,2024-Jan,2024-02,202407,202401,202428
1/11/2024,2024,1,2024,7,11,Thu,Jan,1,3,Q3,2,28,2024Q03,2024-Jan,2024-02,202407,202401,202428
1/12/2024,2024,1,2024,7,12,Fri,Jan,1,3,Q3,2,28,2024Q03,2024-Jan,2024-02,202407,202401,202428
1/13/2024,2024,1,2024,7,13,Sat,Jan,1,3,Q3,2,28,2024Q03,2024-Jan,2024-02,202407,202401,202428
1/14/2024,2024,1,2024,7,14,Sun,Jan,1,3,Q3,2,28,2024Q03,2024-Jan,2024-02,202407,202401,202428
1/15/2024,2024,1,2024,7,15,Mon,Jan,1,3,Q3,3,29,2024Q03,2024-Jan,2024-03,202407,202401,202429
1/16/2024,2024,1,2024,7,16,Tue,Jan,1,3,Q3,3,29,2024Q03,2024-Jan,2024-03,202407,202401,202429
1/17/2024,2024,1,2024,7,17,Wed,Jan,1,3,Q3,3,29,2024Q03,2024-Jan,2024-03,202407,202401,202429
1/18/2024,2024,1,2024,7,18,Thu,Jan,1,3,Q3,3,29,2024Q03,2024-Jan,2024-03,202407,202401,202429
1/19/2024,2024,1,2024,7,19,Fri,Jan,1,3,Q3,3,29,2024Q03,2024-Jan,2024-03,202407,202401,202429
1/20/2024,2024,1,2024,7,20,Sat,Jan,1,3,Q3,3,29,2024Q03,2024-Jan,2024-03,202407,202401,202429
1/21/2024,2024,1,2024,7,21,Sun,Jan,1,3,Q3,3,29,2024Q03,2024-Jan,2024-03,202407,202401,202429
1/22/2024,2024,1,2024,7,22,Mon,Jan,1,3,Q3,4,30,2024Q03,2024-Jan,2024-04,202407,202401,202430
1/23/2024,2024,1,2024,7,23,Tue,Jan,1,3,Q3,4,30,2024Q03,2024-Jan,2024-04,202407,202401,202430
1/24/2024,2024,1,2024,7,24,Wed,Jan,1,3,Q3,4,30,2024Q03,2024-Jan,2024-04,202407,202401,202430
1/25/2024,2024,1,2024,7,25,Thu,Jan,1,3,Q3,4,30,2024Q03,2024-Jan,2024-04,202407,202401,202430
1/26/2024,2024,1,2024,7,26,Fri,Jan,1,3,Q3,4,30,2024Q03,2024-Jan,2024-04,202407,202401,202430
1/27/2024,2024,1,2024,7,27,Sat,Jan,1,3,Q3,4,30,2024Q03,2024-Jan,2024-04,202407,202401,202430
1/28/2024,2024,1,2024,7,28,Sun,Jan,1,3,Q3,4,30,2024Q03,2024-Jan,2024-04,202407,202401,202430
1/29/2024,2024,1,2024,7,29,Mon,Jan,1,3,Q3,5,31,2024Q03,2024-Jan,2024-05,202407,202401,202431
1/30/2024,2024,1,2024,7,30,Tue,Jan,1,3,Q3,5,31,2024Q03,2024-Jan,2024-05,202407,202401,202431
1/31/2024,2024,1,2024,7,31,Wed,Jan,1,3,Q3,5,31,2024Q03,2024-Jan,2024-05,202407,202401,202431
2/1/2024,2024,2,2024,8,1,Thu,Feb,1,3,Q3,5,31,2024Q03,2024-Feb,2024-05,202408,202401,202431
2/2/2024,2024,2,2024,8,2,Fri,Feb,1,3,Q3,5,31,2024Q03,2024-Feb,2024-05,202408,202401,202431
2/3/2024,2024,2,2024,8,3,Sat,Feb,1,3,Q3,5,31,2024Q03,2024-Feb,2024-05,202408,202401,202431
2/4/2024,2024,2,2024,8,4,Sun,Feb,1,3,Q3,5,31,2024Q03,2024-Feb,2024-05,202408,202401,202431
2/5/2024,2024,2,2024,8,5,Mon,Feb,1,3,Q3,6,32,2024Q03,2024-Feb,2024-06,202408,202401,202432
2/6/2024,2024,2,2024,8,6,Tue,Feb,1,3,Q3,6,32,2024Q03,2024-Feb,2024-06,202408,202401,202432
2/7/2024,2024,2,2024,8,7,Wed,Feb,1,3,Q3,6,32,2024Q03,2024-Feb,2024-06,202408,202401,202432
2/8/2024,2024,2,2024,8,8,Thu,Feb,1,3,Q3,6,32,2024Q03,2024-Feb,2024-06,202408,202401,202432
2/9/2024,2024,2,2024,8,9,Fri,Feb,1,3,Q3,6,32,2024Q03,2024-Feb,2024-06,202408,202401,202432
2/10/2024,2024,2,2024,8,10,Sat,Feb,1,3,Q3,6,32,2024Q03,2024-Feb,2024-06,202408,202401,202432
2/11/2024,2024,2,2024,8,11,Sun,Feb,1,3,Q3,6,32,2024Q03,2024-Feb,2024-06,202408,202401,202432
2/12/2024,2024,2,2024,8,12,Mon,Feb,1,3,Q3,7,33,2024Q03,2024-Feb,2024-07,202408,202401,202433
2/13/2024,2024,2,2024,8,13,Tue,Feb,1,3,Q3,7,33,2024Q03,2024-Feb,2024-07,202408,202401,202433
2/14/2024,2024,2,2024,8,14,Wed,Feb,1,3,Q3,7,33,2024Q03,2024-Feb,2024-07,202408,202401,202433
2/15/2024,2024,2,2024,8,15,Thu,Feb,1,3,Q3,7,33,2024Q03,2024-Feb,2024-07,202408,202401,202433
2/16/2024,2024,2,2024,8,16,Fri,Feb,1,3,Q3,7,33,2024Q03,2024-Feb,2024-07,202408,202401,202433
2/17/2024,2024,2,2024,8,17,Sat,Feb,1,3,Q3,7,33,2024Q03,2024-Feb,2024-07,202408,202401,202433
2/18/2024,2024,2,2024,8,18,Sun,Feb,1,3,Q3,7,33,2024Q03,2024-Feb,2024-07,202408,202401,202433
2/19/2024,2024,2,2024,8,19,Mon,Feb,1,3,Q3,8,34,2024Q03,2024-Feb,2024-08,202408,202401,202434
2/20/2024,2024,2,2024,8,20,Tue,Feb,1,3,Q3,8,34,2024Q03,2024-Feb,2024-08,202408,202401,202434
2/21/2024,2024,2,2024,8,21,Wed,Feb,1,3,Q3,8,34,2024Q03,2024-Feb,2024-08,202408,202401,202434
2/22/2024,2024,2,2024,8,22,Thu,Feb,1,3,Q3,8,34,2024Q03,2024-Feb,2024-08,202408,202401,202434
2/23/2024,2024,2,2024,8,23,Fri,Feb,1,3,Q3,8,34,2024Q03,2024-Feb,2024-08,202408,202401,202434
2/24/2024,2024,2,2024,8,24,Sat,Feb,1,3,Q3,8,34,2024Q03,2024-Feb,2024-08,202408,202401,202434
2/25/2024,2024,2,2024,8,25,Sun,Feb,1,3,Q3,8,34,2024Q03,2024-Feb,2024-08,202408,202401,202434
2/26/2024,2024,2,2024,8,26,Mon,Feb,1,3,Q3,9,35,2024Q03,2024-Feb,2024-09,202408,202401,202435
2/27/2024,2024,2,2024,8,27,Tue,Feb,1,3,Q3,9,35,2024Q03,2024-Feb,2024-09,202408,202401,202435
2/28/2024,2024,2,2024,8,28,Wed,Feb,1,3,Q3,9,35,2024Q03,2024-Feb,2024-09,202408,202401,202435
2/29/2024,2024,2,2024,8,29,Thu,Feb,1,3,Q3,9,35,2024Q03,2024-Feb,2024-09,202408,202401,202435
3/1/2024,2024,3,2024,9,1,Fri,Mar,1,3,Q3,9,35,2024Q03,2024-Mar,2024-09,202409,202401,202435
3/2/2024,2024,3,2024,9,2,Sat,Mar,1,3,Q3,9,35,2024Q03,2024-Mar,2024-09,202409,202401,202435
3/3/2024,2024,3,2024,9,3,Sun,Mar,1,3,Q3,9,35,2024Q03,2024-Mar,2024-09,202409,202401,202435
3/4/2024,2024,3,2024,9,4,Mon,Mar,1,3,Q3,10,36,2024Q03,2024-Mar,2024-10,202409,202401,202436
3/5/2024,2024,3,2024,9,5,Tue,Mar,1,3,Q3,10,36,2024Q03,2024-Mar,2024-10,202409,202401,202436
3/6/2024,2024,3,2024,9,6,Wed,Mar,1,3,Q3,10,36,2024Q03,2024-Mar,2024-10,202409,202401,202436
3/7/2024,2024,3,2024,9,7,Thu,Mar,1,3,Q3,10,36,2024Q03,2024-Mar,2024-10,202409,202401,202436
3/8/2024,2024,3,2024,9,8,Fri,Mar,1,3,Q3,10,36,2024Q03,2024-Mar,2024-10,202409,202401,202436
3/9/2024,2024,3,2024,9,9,Sat,Mar,1,3,Q3,10,36,2024Q03,2024-Mar,2024-10,202409,202401,202436
3/10/2024,2024,3,2024,9,10,Sun,Mar,1,3,Q3,10,36,2024Q03,2024-Mar,2024-10,202409,202401,202436
3/11/2024,2024,3,2024,9,11,Mon,Mar,1,3,Q3,11,37,2024Q03,2024-Mar,2024-11,202409,202401,202437
3/12/2024,2024,3,2024,9,12,Tue,Mar,1,3,Q3,11,37,2024Q03,2024-Mar,2024-11,202409,202401,202437
3/13/2024,2024,3,2024,9,13,Wed,Mar,1,3,Q3,11,37,2024Q03,2024-Mar,2024-11,202409,202401,202437
3/14/2024,2024,3,2024,9,14,Thu,Mar,1,3,Q3,11,37,2024Q03,2024-Mar,2024-11,202409,202401,202437
3/15/2024,2024,3,2024,9,15,Fri,Mar,1,3,Q3,11,37,2024Q03,2024-Mar,2024-11,202409,202401,202437
3/16/2024,2024,3,2024,9,16,Sat,Mar,1,3,Q3,11,37,2024Q03,2024-Mar,2024-11,202409,202401,202437
3/17/2024,2024,3,2024,9,17,Sun,Mar,1,3,Q3,11,37,2024Q03,2024-Mar,2024-11,202409,202401,202437
3/18/2024,2024,3,2024,9,18,Mon,Mar,1,3,Q3,12,38,2024Q03,2024-Mar,2024-12,202409,202401,202438
3/19/2024,2024,3,2024,9,19,Tue,Mar,1,3,Q3,12,38,2024Q03,2024-Mar,2024-12,202409,202401,202438
3/20/2024,2024,3,2024,9,20,Wed,Mar,1,3,Q3,12,38,2024Q03,2024-Mar,2024-12,202409,202401,202438
3/21/2024,2024,3,2024,9,21,Thu,Mar,1,3,Q3,12,38,2024Q03,2024-Mar,2024-12,202409,202401,202438
3/22/2024,2024,3,2024,9,22,Fri,Mar,1,3,Q3,12,38,2024Q03,2024-Mar,2024-12,202409,202401,202438
3/23/2024,2024,3,2024,9,23,Sat,Mar,1,3,Q3,12,38,2024Q03,2024-Mar,2024-12,202409,202401,202438
3/24/2024,2024,3,2024,9,24,Sun,Mar,1,3,Q3,12,38,2024Q03,2024-Mar,2024-12,202409,202401,202438
3/25/2024,2024,3,2024,9,25,Mon,Mar,1,3,Q3,13,39,2024Q03,2024-Mar,2024-13,202409,202401,202439
3/26/2024,2024,3,2024,9,26,Tue,Mar,1,3,Q3,13,39,2024Q03,2024-Mar,2024-13,202409,202401,202439
3/27/2024,2024,3,2024,9,27,Wed,Mar,1,3,Q3,13,39,2024Q03,2024-Mar,2024-13,202409,202401,202439
3/28/2024,2024,3,2024,9,28,Thu,Mar,1,3,Q3,13,39,2024Q03,2024-Mar,2024-13,202409,202401,202439
3/29/2024,2024,3,2024,9,29,Fri,Mar,1,3,Q3,13,39,2024Q03,2024-Mar,2024-13,202409,202401,202439
3/30/2024,2024,3,2024,9,30,Sat,Mar,1,3,Q3,13,39,2024Q03,2024-Mar,2024-13,202409,202401,202439
3/31/2024,2024,3,2024,9,31,Sun,Mar,1,3,Q3,13,39,2024Q03,2024-Mar,2024-13,202409,202401,202439
4/1/2024,2024,4,2024,10,1,Mon,Apr,2,4,Q4,14,40,2024Q04,2024-Apr,2024-14,202410,202402,202440
4/2/2024,2024,4,2024,10,2,Tue,Apr,2,4,Q4,14,40,2024Q04,2024-Apr,2024-14,202410,202402,202440
4/3/2024,2024,4,2024,10,3,Wed,Apr,2,4,Q4,14,40,2024Q04,2024-Apr,2024-14,202410,202402,202440
4/4/2024,2024,4,2024,10,4,Thu,Apr,2,4,Q4,14,40,2024Q04,2024-Apr,2024-14,202410,202402,202440
4/5/2024,2024,4,2024,10,5,Fri,Apr,2,4,Q4,14,40,2024Q04,2024-Apr,2024-14,202410,202402,202440
4/6/2024,2024,4,2024,10,6,Sat,Apr,2,4,Q4,14,40,2024Q04,2024-Apr,2024-14,202410,202402,202440
4/7/2024,2024,4,2024,10,7,Sun,Apr,2,4,Q4,14,40,2024Q04,2024-Apr,2024-14,202410,202402,202440
4/8/2024,2024,4,2024,10,8,Mon,Apr,2,4,Q4,15,41,2024Q04,2024-Apr,2024-15,202410,202402,202441
4/9/2024,2024,4,2024,10,9,Tue,Apr,2,4,Q4,15,41,2024Q04,2024-Apr,2024-15,202410,202402,202441
4/10/2024,2024,4,2024,10,10,Wed,Apr,2,4,Q4,15,41,2024Q04,2024-Apr,2024-15,202410,202402,202441
4/11/2024,2024,4,2024,10,11,Thu,Apr,2,4,Q4,15,41,2024Q04,2024-Apr,2024-15,202410,202402,202441
4/12/2024,2024,4,2024,10,12,Fri,Apr,2,4,Q4,15,41,2024Q04,2024-Apr,2024-15,202410,202402,202441
4/13/2024,2024,4,2024,10,13,Sat,Apr,2,4,Q4,15,41,2024Q04,2024-Apr,2024-15,202410,202402,202441
4/14/2024,2024,4,2024,10,14,Sun,Apr,2,4,Q4,15,41,2024Q04,2024-Apr,2024-15,202410,202402,202441
4/15/2024,2024,4,2024,10,15,Mon,Apr,2,4,Q4,16,42,2024Q04,2024-Apr,2024-16,202410,202402,202442
4/16/2024,2024,4,2024,10,16,Tue,Apr,2,4,Q4,16,42,2024Q04,2024-Apr,2024-16,202410,202402,202442
4/17/2024,2024,4,2024,10,17,Wed,Apr,2,4,Q4,16,42,2024Q04,2024-Apr,2024-16,202410,202402,202442
4/18/2024,2024,4,2024,10,18,Thu,Apr,2,4,Q4,16,42,2024Q04,2024-Apr,2024-16,202410,202402,202442
4/19/2024,2024,4,2024,10,19,Fri,Apr,2,4,Q4,16,42,2024Q04,2024-Apr,2024-16,202410,202402,202442
4/20/2024,2024,4,2024,10,20,Sat,Apr,2,4,Q4,16,42,2024Q04,2024-Apr,2024-16,202410,202402,202442
4/21/2024,2024,4,2024,10,21,Sun,Apr,2,4,Q4,16,42,2024Q04,2024-Apr,2024-16,202410,202402,202442
4/22/2024,2024,4,2024,10,22,Mon,Apr,2,4,Q4,17,43,2024Q04,2024-Apr,2024-17,202410,202402,202443
4/23/2024,2024,4,2024,10,23,Tue,Apr,2,4,Q4,17,43,2024Q04,2024-Apr,2024-17,202410,202402,202443
4/24/2024,2024,4,2024,10,24,Wed,Apr,2,4,Q4,17,43,2024Q04,2024-Apr,2024-17,202410,202402,202443
4/25/2024,2024,4,2024,10,25,Thu,Apr,2,4,Q4,17,43,2024Q04,2024-Apr,2024-17,202410,202402,202443
4/26/2024,2024,4,2024,10,26,Fri,Apr,2,4,Q4,17,43,2024Q04,2024-Apr,2024-17,202410,202402,202443
4/27/2024,2024,4,2024,10,27,Sat,Apr,2,4,Q4,17,43,2024Q04,2024-Apr,2024-17,202410,202402,202443
4/28/2024,2024,4,2024,10,28,Sun,Apr,2,4,Q4,17,43,2024Q04,2024-Apr,2024-17,202410,202402,202443
4/29/2024,2024,4,2024,10,29,Mon,Apr,2,4,Q4,18,44,2024Q04,2024-Apr,2024-18,202410,202402,202444
4/30/2024,2024,4,2024,10,30,Tue,Apr,2,4,Q4,18,44,2024Q04,2024-Apr,2024-18,202410,202402,202444
5/1/2024,2024,5,2024,11,1,Wed,May,2,4,Q4,18,44,2024Q04,2024-May,2024-18,202411,202402,202444
5/2/2024,2024,5,2024,11,2,Thu,May,2,4,Q4,18,44,2024Q04,2024-May,2024-18,202411,202402,202444
5/3/2024,2024,5,2024,11,3,Fri,May,2,4,Q4,18,44,2024Q04,2024-May,2024-18,202411,202402,202444
5/4/2024,2024,5,2024,11,4,Sat,May,2,4,Q4,18,44,2024Q04,2024-May,2024-18,202411,202402,202444
5/5/2024,2024,5,2024,11,5,Sun,May,2,4,Q4,18,44,2024Q04,2024-May,2024-18,202411,202402,202444
5/6/2024,2024,5,2024,11,6,Mon,May,2,4,Q4,19,45,2024Q04,2024-May,2024-19,202411,202402,202445
5/7/2024,2024,5,2024,11,7,Tue,May,2,4,Q4,19,45,2024Q04,2024-May,2024-19,202411,202402,202445
5/8/2024,2024,5,2024,11,8,Wed,May,2,4,Q4,19,45,2024Q04,2024-May,2024-19,202411,202402,202445
5/9/2024,2024,5,2024,11,9,Thu,May,2,4,Q4,19,45,2024Q04,2024-May,2024-19,202411,202402,202445
5/10/2024,2024,5,2024,11,10,Fri,May,2,4,Q4,19,45,2024Q04,2024-May,2024-19,202411,202402,202445
5/11/2024,2024,5,2024,11,11,Sat,May,2,4,Q4,19,45,2024Q04,2024-May,2024-19,202411,202402,202445
5/12/2024,2024,5,2024,11,12,Sun,May,2,4,Q4,19,45,2024Q04,2024-May,2024-19,202411,202402,202445
5/13/2024,2024,5,2024,11,13,Mon,May,2,4,Q4,20,46,2024Q04,2024-May,2024-20,202411,202402,202446
5/14/2024,2024,5,2024,11,14,Tue,May,2,4,Q4,20,46,2024Q04,2024-May,2024-20,202411,202402,202446
5/15/2024,2024,5,2024,11,15,Wed,May,2,4,Q4,20,46,2024Q04,2024-May,2024-20,202411,202402,202446
5/16/2024,2024,5,2024,11,16,Thu,May,2,4,Q4,20,46,2024Q04,2024-May,2024-20,202411,202402,202446
5/17/2024,2024,5,2024,11,17,Fri,May,2,4,Q4,20,46,2024Q04,2024-May,2024-20,202411,202402,202446
5/18/2024,2024,5,2024,11,18,Sat,May,2,4,Q4,20,46,2024Q04,2024-May,2024-20,202411,202402,202446
5/19/2024,2024,5,2024,11,19,Sun,May,2,4,Q4,20,46,2024Q04,2024-May,2024-20,202411,202402,202446
5/20/2024,2024,5,2024,11,20,Mon,May,2,4,Q4,21,47,2024Q04,2024-May,2024-21,202411,202402,202447
5/21/2024,2024,5,2024,11,21,Tue,May,2,4,Q4,21,47,2024Q04,2024-May,2024-21,202411,202402,202447
5/22/2024,2024,5,2024,11,22,Wed,May,2,4,Q4,21,47,2024Q04,2024-May,2024-21,202411,202402,202447
5/23/2024,2024,5,2024,11,23,Thu,May,2,4,Q4,21,47,2024Q04,2024-May,2024-21,202411,202402,202447
5/24/2024,2024,5,2024,11,24,Fri,May,2,4,Q4,21,47,2024Q04,2024-May,2024-21,202411,202402,202447
5/25/2024,2024,5,2024,11,25,Sat,May,2,4,Q4,21,47,2024Q04,2024-May,2024-21,202411,202402,202447
5/26/2024,2024,5,2024,11,26,Sun,May,2,4,Q4,21,47,2024Q04,2024-May,2024-21,202411,202402,202447
5/27/2024,2024,5,2024,11,27,Mon,May,2,4,Q4,22,48,2024Q04,2024-May,2024-22,202411,202402,202448
5/28/2024,2024,5,2024,11,28,Tue,May,2,4,Q4,22,48,2024Q04,2024-May,2024-22,202411,202402,202448
5/29/2024,2024,5,2024,11,29,Wed,May,2,4,Q4,22,48,2024Q04,2024-May,2024-22,202411,202402,202448
5/30/2024,2024,5,2024,11,30,Thu,May,2,4,Q4,22,48,2024Q04,2024-May,2024-22,202411,202402,202448
5/31/2024,2024,5,2024,11,31,Fri,May,2,4,Q4,22,48,2024Q04,2024-May,2024-22,202411,202402,202448
6/1/2024,2024,6,2024,12,1,Sat,Jun,2,4,Q4,22,48,2024Q04,2024-Jun,2024-22,202412,202402,202448
6/2/2024,2024,6,2024,12,2,Sun,Jun,2,4,Q4,22,48,2024Q04,2024-Jun,2024-22,202412,202402,202448
6/3/2024,2024,6,2024,12,3,Mon,Jun,2,4,Q4,23,49,2024Q04,2024-Jun,2024-23,202412,202402,202449
6/4/2024,2024,6,2024,12,4,Tue,Jun,2,4,Q4,23,49,2024Q04,2024-Jun,2024-23,202412,202402,202449
6/5/2024,2024,6,2024,12,5,Wed,Jun,2,4,Q4,23,49,2024Q04,2024-Jun,2024-23,202412,202402,202449
6/6/2024,2024,6,2024,12,6,Thu,Jun,2,4,Q4,23,49,2024Q04,2024-Jun,2024-23,202412,202402,202449
6/7/2024,2024,6,2024,12,7,Fri,Jun,2,4,Q4,23,49,2024Q04,2024-Jun,2024-23,202412,202402,202449
6/8/2024,2024,6,2024,12,8,Sat,Jun,2,4,Q4,23,49,2024Q04,2024-Jun,2024-23,202412,202402,202449
6/9/2024,2024,6,2024,12,9,Sun,Jun,2,4,Q4,23,49,2024Q04,2024-Jun,2024-23,202412,202402,202449
6/10/2024,2024,6,2024,12,10,Mon,Jun,2,4,Q4,24,50,2024Q04,2024-Jun,2024-24,202412,202402,202450
6/11/2024,2024,6,2024,12,11,Tue,Jun,2,4,Q4,24,50,2024Q04,2024-Jun,2024-24,202412,202402,202450
6/12/2024,2024,6,2024,12,12,Wed,Jun,2,4,Q4,24,50,2024Q04,2024-Jun,2024-24,202412,202402,202450
6/13/2024,2024,6,2024,12,13,Thu,Jun,2,4,Q4,24,50,2024Q04,2024-Jun,2024-24,202412,202402,202450
6/14/2024,2024,6,2024,12,14,Fri,Jun,2,4,Q4,24,50,2024Q04,2024-Jun,2024-24,202412,202402,202450
6/15/2024,2024,6,2024,12,15,Sat,Jun,2,4,Q4,24,50,2024Q04,2024-Jun,2024-24,202412,202402,202450
6/16/2024,2024,6,2024,12,16,Sun,Jun,2,4,Q4,24,50,2024Q04,2024-Jun,2024-24,202412,202402,202450
6/17/2024,2024,6,2024,12,17,Mon,Jun,2,4,Q4,25,51,2024Q04,2024-Jun,2024-25,202412,202402,202451
6/18/2024,2024,6,2024,12,18,Tue,Jun,2,4,Q4,25,51,2024Q04,2024-Jun,2024-25,202412,202402,202451
6/19/2024,2024,6,2024,12,19,Wed,Jun,2,4,Q4,25,51,2024Q04,2024-Jun,2024-25,202412,202402,202451
6/20/2024,2024,6,2024,12,20,Thu,Jun,2,4,Q4,25,51,2024Q04,2024-Jun,2024-25,202412,202402,202451
6/21/2024,2024,6,2024,12,21,Fri,Jun,2,4,Q4,25,51,2024Q04,2024-Jun,2024-25,202412,202402,202451
6/22/2024,2024,6,2024,12,22,Sat,Jun,2,4,Q4,25,51,2024Q04,2024-Jun,2024-25,202412,202402,202451
6/23/2024,2024,6,2024,12,23,Sun,Jun,2,4,Q4,25,51,2024Q04,2024-Jun,2024-25,202412,202402,202451
6/24/2024,2024,6,2024,12,24,Mon,Jun,2,4,Q4,26,52,2024Q04,2024-Jun,2024-26,202412,202402,202452
6/25/2024,2024,6,2024,12,25,Tue,Jun,2,4,Q4,26,52,2024Q04,2024-Jun,2024-26,202412,202402,202452
6/26/2024,2024,6,2024,12,26,Wed,Jun,2,4,Q4,26,52,2024Q04,2024-Jun,2024-26,202412,202402,202452
6/27/2024,2024,6,2024,12,27,Thu,Jun,2,4,Q4,26,52,2024Q04,2024-Jun,2024-26,202412,202402,202452
6/28/2024,2024,6,2024,12,28,Fri,Jun,2,4,Q4,26,52,2024Q04,2024-Jun,2024-26,202412,202402,202452
6/29/2024,2024,6,2024,12,29,Sat,Jun,2,4,Q4,26,52,2024Q04,2024-Jun,2024-26,202412,202402,202452
6/30/2024,2024,6,2024,12,30,Sun,Jun,2,4,Q4,26,52,2024Q04,2024-Jun,2024-26,202412,202402,202452
7/1/2024,2024,7,2025,1,1,Mon,Jul,3,1,Q1,27,1,2025Q01,2024-Jul,2024-27,202501,202403,202401
7/2/2024,2024,7,2025,1,2,Tue,Jul,3,1,Q1,27,1,2025Q01,2024-Jul,2024-27,202501,202403,202401
7/3/2024,2024,7,2025,1,3,Wed,Jul,3,1,Q1,27,1,2025Q01,2024-Jul,2024-27,202501,202403,202401
7/4/2024,2024,7,2025,1,4,Thu,Jul,3,1,Q1,27,1,2025Q01,2024-Jul,2024-27,202501,202403,202401
7/5/2024,2024,7,2025,1,5,Fri,Jul,3,1,Q1,27,1,2025Q01,2024-Jul,2024-27,202501,202403,202401
7/6/2024,2024,7,2025,1,6,Sat,Jul,3,1,Q1,27,1,2025Q01,2024-Jul,2024-27,202501,202403,202401
7/7/2024,2024,7,2025,1,7,Sun,Jul,3,1,Q1,27,1,2025Q01,2024-Jul,2024-27,202501,202403,202401
7/8/2024,2024,7,2025,1,8,Mon,Jul,3,1,Q1,28,2,2025Q01,2024-Jul,2024-28,202501,202403,202402
7/9/2024,2024,7,2025,1,9,Tue,Jul,3,1,Q1,28,2,2025Q01,2024-Jul,2024-28,202501,202403,202402
7/10/2024,2024,7,2025,1,10,Wed,Jul,3,1,Q1,28,2,2025Q01,2024-Jul,2024-28,202501,202403,202402
7/11/2024,2024,7,2025,1,11,Thu,Jul,3,1,Q1,28,2,2025Q01,2024-Jul,2024-28,202501,202403,202402
7/12/2024,2024,7,2025,1,12,Fri,Jul,3,1,Q1,28,2,2025Q01,2024-Jul,2024-28,202501,202403,202402
7/13/2024,2024,7,2025,1,13,Sat,Jul,3,1,Q1,28,2,2025Q01,2024-Jul,2024-28,202501,202403,202402
7/14/2024,2024,7,2025,1,14,Sun,Jul,3,1,Q1,28,2,2025Q01,2024-Jul,2024-28,202501,202403,202402
7/15/2024,2024,7,2025,1,15,Mon,Jul,3,1,Q1,29,3,2025Q01,2024-Jul,2024-29,202501,202403,202403
7/16/2024,2024,7,2025,1,16,Tue,Jul,3,1,Q1,29,3,2025Q01,2024-Jul,2024-29,202501,202403,202403
7/17/2024,2024,7,2025,1,17,Wed,Jul,3,1,Q1,29,3,2025Q01,2024-Jul,2024-29,202501,202403,202403
7/18/2024,2024,7,2025,1,18,Thu,Jul,3,1,Q1,29,3,2025Q01,2024-Jul,2024-29,202501,202403,202403
7/19/2024,2024,7,2025,1,19,Fri,Jul,3,1,Q1,29,3,2025Q01,2024-Jul,2024-29,202501,202403,202403
7/20/2024,2024,7,2025,1,20,Sat,Jul,3,1,Q1,29,3,2025Q01,2024-Jul,2024-29,202501,202403,202403
7/21/2024,2024,7,2025,1,21,Sun,Jul,3,1,Q1,29,3,2025Q01,2024-Jul,2024-29,202501,202403,202403
7/22/2024,2024,7,2025,1,22,Mon,Jul,3,1,Q1,30,4,2025Q01,2024-Jul,2024-30,202501,202403,202404
7/23/2024,2024,7,2025,1,23,Tue,Jul,3,1,Q1,30,4,2025Q01,2024-Jul,2024-30,202501,202403,202404
7/24/2024,2024,7,2025,1,24,Wed,Jul,3,1,Q1,30,4,2025Q01,2024-Jul,2024-30,202501,202403,202404
7/25/2024,2024,7,2025,1,25,Thu,Jul,3,1,Q1,30,4,2025Q01,2024-Jul,2024-30,202501,202403,202404
7/26/2024,2024,7,2025,1,26,Fri,Jul,3,1,Q1,30,4,2025Q01,2024-Jul,2024-30,202501,202403,202404
7/27/2024,2024,7,2025,1,27,Sat,Jul,3,1,Q1,30,4,2025Q01,2024-Jul,2024-30,202501,202403,202404
7/28/2024,2024,7,2025,1,28,Sun,Jul,3,1,Q1,30,4,2025Q01,2024-Jul,2024-30,202501,202403,202404
7/29/2024,2024,7,2025,1,29,Mon,Jul,3,1,Q1,31,5,2025Q01,2024-Jul,2024-31,202501,202403,202405
7/30/2024,2024,7,2025,1,30,Tue,Jul,3,1,Q1,31,5,2025Q01,2024-Jul,2024-31,202501,202403,202405
7/31/2024,2024,7,2025,1,31,Wed,Jul,3,1,Q1,31,5,2025Q01,2024-Jul,2024-31,202501,202403,202405
8/1/2024,2024,8,2025,2,1,Thu,Aug,3,1,Q1,31,5,2025Q01,2024-Aug,2024-31,202502,202403,202405
8/2/2024,2024,8,2025,2,2,Fri,Aug,3,1,Q1,31,5,2025Q01,2024-Aug,2024-31,202502,202403,202405
8/3/2024,2024,8,2025,2,3,Sat,Aug,3,1,Q1,31,5,2025Q01,2024-Aug,2024-31,202502,202403,202405
8/4/2024,2024,8,2025,2,4,Sun,Aug,3,1,Q1,31,5,2025Q01,2024-Aug,2024-31,202502,202403,202405
8/5/2024,2024,8,2025,2,5,Mon,Aug,3,1,Q1,32,6,2025Q01,2024-Aug,2024-32,202502,202403,202406
8/6/2024,2024,8,2025,2,6,Tue,Aug,3,1,Q1,32,6,2025Q01,2024-Aug,2024-32,202502,202403,202406
8/7/2024,2024,8,2025,2,7,Wed,Aug,3,1,Q1,32,6,2025Q01,2024-Aug,2024-32,202502,202403,202406
8/8/2024,2024,8,2025,2,8,Thu,Aug,3,1,Q1,32,6,2025Q01,2024-Aug,2024-32,202502,202403,202406
8/9/2024,2024,8,2025,2,9,Fri,Aug,3,1,Q1,32,6,2025Q01,2024-Aug,2024-32,202502,202403,202406
8/10/2024,2024,8,2025,2,10,Sat,Aug,3,1,Q1,32,6,2025Q01,2024-Aug,2024-32,202502,202403,202406
8/11/2024,2024,8,2025,2,11,Sun,Aug,3,1,Q1,32,6,2025Q01,2024-Aug,2024-32,202502,202403,202406
8/12/2024,2024,8,2025,2,12,Mon,Aug,3,1,Q1,33,7,2025Q01,2024-Aug,2024-33,202502,202403,202407
8/13/2024,2024,8,2025,2,13,Tue,Aug,3,1,Q1,33,7,2025Q01,2024-Aug,2024-33,202502,202403,202407
8/14/2024,2024,8,2025,2,14,Wed,Aug,3,1,Q1,33,7,2025Q01,2024-Aug,2024-33,202502,202403,202407
8/15/2024,2024,8,2025,2,15,Thu,Aug,3,1,Q1,33,7,2025Q01,2024-Aug,2024-33,202502,202403,202407
8/16/2024,2024,8,2025,2,16,Fri,Aug,3,1,Q1,33,7,2025Q01,2024-Aug,2024-33,202502,202403,202407
8/17/2024,2024,8,2025,2,17,Sat,Aug,3,1,Q1,33,7,2025Q01,2024-Aug,2024-33,202502,202403,202407
8/18/2024,2024,8,2025,2,18,Sun,Aug,3,1,Q1,33,7,2025Q01,2024-Aug,2024-33,202502,202403,202407
8/19/2024,2024,8,2025,2,19,Mon,Aug,3,1,Q1,34,8,2025Q01,2024-Aug,2024-34,202502,202403,202408
8/20/2024,2024,8,2025,2,20,Tue,Aug,3,1,Q1,34,8,2025Q01,2024-Aug,2024-34,202502,202403,202408
8/21/2024,2024,8,2025,2,21,Wed,Aug,3,1,Q1,34,8,2025Q01,2024-Aug,2024-34,202502,202403,202408
8/22/2024,2024,8,2025,2,22,Thu,Aug,3,1,Q1,34,8,2025Q01,2024-Aug,2024-34,202502,202403,202408
8/23/2024,2024,8,2025,2,23,Fri,Aug,3,1,Q1,34,8,2025Q01,2024-Aug,2024-34,202502,202403,202408
8/24/2024,2024,8,2025,2,24,Sat,Aug,3,1,Q1,34,8,2025Q01,2024-Aug,2024-34,202502,202403,202408
8/25/2024,2024,8,2025,2,25,Sun,Aug,3,1,Q1,34,8,2025Q01,2024-Aug,2024-34,202502,202403,202408
8/26/2024,2024,8,2025,2,26,Mon,Aug,3,1,Q1,35,9,2025Q01,2024-Aug,2024-35,202502,202403,202409
8/27/2024,2024,8,2025,2,27,Tue,Aug,3,1,Q1,35,9,2025Q01,2024-Aug,2024-35,202502,202403,202409
8/28/2024,2024,8,2025,2,28,Wed,Aug,3,1,Q1,35,9,2025Q01,2024-Aug,2024-35,202502,202403,202409
8/29/2024,2024,8,2025,2,29,Thu,Aug,3,1,Q1,35,9,2025Q01,2024-Aug,2024-35,202502,202403,202409
8/30/2024,2024,8,2025,2,30,Fri,Aug,3,1,Q1,35,9,2025Q01,2024-Aug,2024-35,202502,202403,202409
8/31/2024,2024,8,2025,2,31,Sat,Aug,3,1,Q1,35,9,2025Q01,2024-Aug,2024-35,202502,202403,202409
9/1/2024,2024,9,2025,3,1,Sun,Sep,3,1,Q1,35,9,2025Q01,2024-Sep,2024-35,202503,202403,202409
9/2/2024,2024,9,2025,3,2,Mon,Sep,3,1,Q1,36,10,2025Q01,2024-Sep,2024-36,202503,202403,202410
9/3/2024,2024,9,2025,3,3,Tue,Sep,3,1,Q1,36,10,2025Q01,2024-Sep,2024-36,202503,202403,202410
9/4/2024,2024,9,2025,3,4,Wed,Sep,3,1,Q1,36,10,2025Q01,2024-Sep,2024-36,202503,202403,202410
9/5/2024,2024,9,2025,3,5,Thu,Sep,3,1,Q1,36,10,2025Q01,2024-Sep,2024-36,202503,202403,202410
9/6/2024,2024,9,2025,3,6,Fri,Sep,3,1,Q1,36,10,2025Q01,2024-Sep,2024-36,202503,202403,202410
9/7/2024,2024,9,2025,3,7,Sat,Sep,3,1,Q1,36,10,2025Q01,2024-Sep,2024-36,202503,202403,202410
9/8/2024,2024,9,2025,3,8,Sun,Sep,3,1,Q1,36,10,2025Q01,2024-Sep,2024-36,202503,202403,202410
9/9/2024,2024,9,2025,3,9,Mon,Sep,3,1,Q1,37,11,2025Q01,2024-Sep,2024-37,202503,202403,202411
9/10/2024,2024,9,2025,3,10,Tue,Sep,3,1,Q1,37,11,2025Q01,2024-Sep,2024-37,202503,202403,202411
9/11/2024,2024,9,2025,3,11,Wed,Sep,3,1,Q1,37,11,2025Q01,2024-Sep,2024-37,202503,202403,202411
9/12/2024,2024,9,2025,3,12,Thu,Sep,3,1,Q1,37,11,2025Q01,2024-Sep,2024-37,202503,202403,202411
9/13/2024,2024,9,2025,3,13,Fri,Sep,3,1,Q1,37,11,2025Q01,2024-Sep,2024-37,202503,202403,202411
9/14/2024,2024,9,2025,3,14,Sat,Sep,3,1,Q1,37,11,2025Q01,2024-Sep,2024-37,202503,202403,202411
9/15/2024,2024,9,2025,3,15,Sun,Sep,3,1,Q1,37,11,2025Q01,2024-Sep,2024-37,202503,202403,202411
9/16/2024,2024,9,2025,3,16,Mon,Sep,3,1,Q1,38,12,2025Q01,2024-Sep,2024-38,202503,202403,202412
9/17/2024,2024,9,2025,3,17,Tue,Sep,3,1,Q1,38,12,2025Q01,2024-Sep,2024-38,202503,202403,202412
9/18/2024,2024,9,2025,3,18,Wed,Sep,3,1,Q1,38,12,2025Q01,2024-Sep,2024-38,202503,202403,202412
9/19/2024,2024,9,2025,3,19,Thu,Sep,3,1,Q1,38,12,2025Q01,2024-Sep,2024-38,202503,202403,202412
9/20/2024,2024,9,2025,3,20,Fri,Sep,3,1,Q1,38,12,2025Q01,2024-Sep,2024-38,202503,202403,202412
9/21/2024,2024,9,2025,3,21,Sat,Sep,3,1,Q1,38,12,2025Q01,2024-Sep,2024-38,202503,202403,202412
9/22/2024,2024,9,2025,3,22,Sun,Sep,3,1,Q1,38,12,2025Q01,2024-Sep,2024-38,202503,202403,202412
9/23/2024,2024,9,2025,3,23,Mon,Sep,3,1,Q1,39,13,2025Q01,2024-Sep,2024-39,202503,202403,202413
9/24/2024,2024,9,2025,3,24,Tue,Sep,3,1,Q1,39,13,2025Q01,2024-Sep,2024-39,202503,202403,202413
9/25/2024,2024,9,2025,3,25,Wed,Sep,3,1,Q1,39,13,2025Q01,2024-Sep,2024-39,202503,202403,202413
9/26/2024,2024,9,2025,3,26,Thu,Sep,3,1,Q1,39,13,2025Q01,2024-Sep,2024-39,202503,202403,202413
9/27/2024,2024,9,2025,3,27,Fri,Sep,3,1,Q1,39,13,2025Q01,2024-Sep,2024-39,202503,202403,202413
9/28/2024,2024,9,2025,3,28,Sat,Sep,3,1,Q1,39,13,2025Q01,2024-Sep,2024-39,202503,202403,202413
9/29/2024,2024,9,2025,3,29,Sun,Sep,3,1,Q1,39,13,2025Q01,2024-Sep,2024-39,202503,202403,202413
9/30/2024,2024,9,2025,3,30,Mon,Sep,3,1,Q1,40,14,2025Q01,2024-Sep,2024-40,202503,202403,202414
10/1/2024,2024,10,2025,4,1,Tue,Oct,4,2,Q2,40,14,2025Q02,2024-Oct,2024-40,202504,202404,202414
10/2/2024,2024,10,2025,4,2,Wed,Oct,4,2,Q2,40,14,2025Q02,2024-Oct,2024-40,202504,202404,202414
10/3/2024,2024,10,2025,4,3,Thu,Oct,4,2,Q2,40,14,2025Q02,2024-Oct,2024-40,202504,202404,202414
10/4/2024,2024,10,2025,4,4,Fri,Oct,4,2,Q2,40,14,2025Q02,2024-Oct,2024-40,202504,202404,202414
10/5/2024,2024,10,2025,4,5,Sat,Oct,4,2,Q2,40,14,2025Q02,2024-Oct,2024-40,202504,202404,202414
10/6/2024,2024,10,2025,4,6,Sun,Oct,4,2,Q2,40,14,2025Q02,2024-Oct,2024-40,202504,202404,202414
10/7/2024,2024,10,2025,4,7,Mon,Oct,4,2,Q2,41,15,2025Q02,2024-Oct,2024-41,202504,202404,202415
10/8/2024,2024,10,2025,4,8,Tue,Oct,4,2,Q2,41,15,2025Q02,2024-Oct,2024-41,202504,202404,202415
10/9/2024,2024,10,2025,4,9,Wed,Oct,4,2,Q2,41,15,2025Q02,2024-Oct,2024-41,202504,202404,202415
10/10/2024,2024,10,2025,4,10,Thu,Oct,4,2,Q2,41,15,2025Q02,2024-Oct,2024-41,202504,202404,202415
10/11/2024,2024,10,2025,4,11,Fri,Oct,4,2,Q2,41,15,2025Q02,2024-Oct,2024-41,202504,202404,202415
10/12/2024,2024,10,2025,4,12,Sat,Oct,4,2,Q2,41,15,2025Q02,2024-Oct,2024-41,202504,202404,202415
10/13/2024,2024,10,2025,4,13,Sun,Oct,4,2,Q2,41,15,2025Q02,2024-Oct,2024-41,202504,202404,202415
10/14/2024,2024,10,2025,4,14,Mon,Oct,4,2,Q2,42,16,2025Q02,2024-Oct,2024-42,202504,202404,202416
10/15/2024,2024,10,2025,4,15,Tue,Oct,4,2,Q2,42,16,2025Q02,2024-Oct,2024-42,202504,202404,202416
10/16/2024,2024,10,2025,4,16,Wed,Oct,4,2,Q2,42,16,2025Q02,2024-Oct,2024-42,202504,202404,202416
10/17/2024,2024,10,2025,4,17,Thu,Oct,4,2,Q2,42,16,2025Q02,2024-Oct,2024-42,202504,202404,202416
10/18/2024,2024,10,2025,4,18,Fri,Oct,4,2,Q2,42,16,2025Q02,2024-Oct,2024-42,202504,202404,202416
10/19/2024,2024,10,2025,4,19,Sat,Oct,4,2,Q2,42,16,2025Q02,2024-Oct,2024-42,202504,202404,202416
